CAAAAGNKLTF,2
CAAAGGATNKLIF,2
CAAAGGSYIPTF,2
CAAAISGTYKYIF,2
CAAANQAGTALIF,2
CAAANSGGYQKVTF,2
CAAANTGNQFYF,2
CAAAPPHCQSSPGF,2
CAAARNNNARLMF,2
CAAASSGSARQLTF,2
CAADGGTSYGKLTF,2
CAADGSSNTGKLIF,2
CAADNNARLMF,2
CAADNTGGFKTIF,2
CAADSGGYQKVTF,2
CAADSGNTPLVF,2
CAADSNSGYALNF,2
CAADSSNTGKLIF,2
CAADSSYKLIF,2
CAAEAGNMLTF,2
CAAEDSSYKLIF,2
CAAEETSGSRLTF,2
CAAEGGSYIPTF,2
CAAEGSQGNLIF,2
CAAENFGNEKLTF,2
CAAENRDDKIIF,2
CAAFKAAGNKLTF,2
CAAFSGSARQLTF,2
CAAGAGSYQLTF,2
CAAGDSGNTPLVF,2
CAAGFGNEKLTF,2
CAAGGGGADGLTF,2
CAAGGGYNKLIF,2
CAAGGQGNLIF,2
CAAGGSGYSTLTF,2
CAAGKSTF,2
CAAGNDYKLSF,2
CAAGNQFYF,2
CAAGNRDDKIIF,2
CAAGNTGGFKTIF,2
CAAGNTPLVF,2
CAAGRAGGTSYGKLTF,2
CAAGSARQLTF,2
CAAGSGGYQKVTF,2
CAAGSGNTGKLIF,2
CAAGSGYSTLTF,2
CAAGSNDYKLSF,2
CAAGSSGSARQLTF,2
CAAGSSNTGKLIF,2
CAAGTSGTYKYIF,2
CAAGWGGADGLTF,2
CAAGYGQNFVF,2
CAAGYNFNKFYF,2
CAAGYNNNDMRF,2
CAAHGGSQGNLIF,2
CAAHNNNDMRF,2
CAAHSGGGADGLTF,2
CAAHSGSARQLTF,2
CAAHSGTYKYIF,2
CAAHSGYSTLTF,2
CAAIDNTGGFKTIF,2
CAAIGGDDKIIF,2
CAAIGNQFYF,2
CAAIISSGSARQLTF,2
CAAILNRDDKIIF,2
CAAILTGGGNKLTF,2
CAAIQYSSASKIIF,2
CAAISGGGADGLTF,2
CAAISGGSYIPTF,2
CAAISGGYNKLIF,2
CAAISGTYKYIF,2
CAAISNFGNEKLTF,2
CAAITQGGSEKLVF,2
CAAIYGNKLVF,2
CAAIYNQGGKLIF,2
CAAKEYGNKLVF,2
CAAKGGGTSYGKLTF,2
CAAKGGYNKLIF,2
CAAKGTNAGKSTF,2
CAAKNAGNMLTF,2
CAAKRGSSNTGKLIF,2
CAAKTGNQFYF,2
CAAKVGGSYIPTF,2
CAALDSSYKLIF,2
CAALDTGRRALTF,2
CAALFGNEKLTF,2
CAALGGGSYIPTF,2
CAALGGSQGNLIF,2
CAALGGSYIPTF,2
CAALLRDDKIIF,2
CAALNAGGTSYGKLTF,2
CAALNFGNEKLTF,2
CAALNQAGTALIF,2
CAALNSGGYQKVTF,2
CAALNSGNTPLVF,2
CAALRGGSTLGRLYF,2
CAALSGAGSYQLTF,2
CAALSGGYQKVTF,2
CAALSGNTGKLIF,2
CAALSNDYKLSF,2
CAALSNTGNQFYF,2
CAALTDSWGKLQF,2
CAALTGFQKLVF,2
CAALTGTASKLTF,2
CAALTTSGTYKYIF,2
CAALYNQGGKLIF,2
CAAMIKAAGNKLTF,2
CAAMNYGGSQGNLIF,2
CAAMTTDSWGKLQF,2
CAANARLMF,2
CAANQGGKLIF,2
CAANRDDKIIF,2
CAANSGNTGKLIF,2
CAANSGNTPLVF,2
CAANSYTGNQFYF,2
CAANTDKLIF,2
CAANTGRRALTF,2
CAANTNAGKSTF,2
CAANYGGATNKLIF,2
CAAPEGNTDKLIF,2
CAAPEYGNKLVF,2
CAAPGDSSYKLIF,2
CAAPGGSNYKLTF,2
CAAPNRDDKIIF,2
CAAPNSGGSNYKLTF,2
CAAPNSGGYQKVTF,2
CAAPNTGGFKTIF,2
CAAPPGDMRF,2
CAAPQGGKLIF,2
CAAPSGGSYIPTF,2
CAAPSGSARQLTF,2
CAAPSGTYKYIF,2
CAAPSSDGQKLLF,2
CAAPSYNTDKLIF,2
CAAPYSSASKIIF,2
CAAQAAGNKLTF,2
CAAQALPLCF,2
CAAQDGQKLLF,2
CAAQGGKLIF,2
CAAQLLAKTDGF,2
CAAQYNNNDMRF,2
CAARASGTYKYIF,2
CAARDNAGNMLTF,2
CAARDTDKLIF,2
CAARDTGRRALTF,2
CAAREETSGSRLTF,2
CAARENAGNMLTF,2
CAAREYGNKLVF,2
CAARGAAGNKLTF,2
CAARGAQKLVF,2
CAARGETGANNLFF,2
CAARGGADGLTF,2
CAARGGGSQGNLIF,2
CAARGGGSYIPTF,2
CAARGGRRALTF,2
CAARGGSNYKLTF,2
CAARGGYQKVTF,2
CAARGSGNTPLVF,2
CAARGTGNQFYF,2
CAARGYGGSQGNLIF,2
CAARGYSGAGSYQLTF,2
CAARKAAGNKLTF,2
CAARKGGSYIPTF,2
CAARLNTGNQFYF,2
CAARLSGNTPLVF,2
CAARLTGGGNKLTF,2
CAARMDSSYKLIF,2
CAARNAGNMLTF,2
CAARNTDKLIF,2
CAARNTGGFKTIF,2
CAARPGGYNKLIF,2
CAARPGNQFYF,2
CAARPGSGNTPLVF,2
CAARPSGSARQLTF,2
CAARREGGSEKLVF,2
CAARRMDSSYKLIF,2
CAARSGSRLTF,2
CAARSNDYKLSF,2
CAARSSGGSYIPTF,2
CAARTDSWGKLQF,2
CAARTGGGNKLTF,2
CAARTGTYKYIF,2
CAARTNYGGSQGNLIF,2
CAARTQGGSEKLVF,2
CAARTSGTYKYIF,2
CAARYGNKLVF,2
CAARYNNNDMRF,2
CAASAAGAGSYQLTF,2
CAASAETGTASKLTF,2
CAASAGDDKIIF,2
CAASAGDKIIF,2
CAASAGGNKLVF,2
CAASAGGTSYGKLTF,2
CAASAGNTPLVF,2
CAASALVQGAQKLVF,2
CAASAMDSSYKLIF,2
CAASANARLMF,2
CAASANTDKLIF,2
CAASAPGTYKYIF,2
CAASAREYGNKLVF,2
CAASARGGADGLTF,2
CAASASGAGSYQLTF,2
CAASASGGGADGLTF,2
CAASATSGTYKYIF,2
CAASDDYKLSF,2
CAASDGNKLVF,2
CAASDIQGAQKLVF,2
CAASDNTDKLIF,2
CAASDQGGSEKLVF,2
CAASDRSGGGADGLTF,2
CAASDSGTYKYIF,2
CAASDSWGKLQF,2
CAASDTDKLIF,2
CAASDTGTYKYIF,2
CAASDYGGSQGNLIF,2
CAASDYKLSF,2
CAASEGFQKLVF,2
CAASEGGGNKLTF,2
CAASERYGGSQGNLIF,2
CAASFMDTGRRALTF,2
CAASFQGAQKLVF,2
CAASFSSNTGKLIF,2
CAASGAAGNKLTF,2
CAASGAGGTSYGKLTF,2
CAASGANAGKSTF,2
CAASGARLMF,2
CAASGASGTYKYIF,2
CAASGDAGNMLTF,2
CAASGDGGSQGNLIF,2
CAASGDSSYKLIF,2
CAASGDTDKLIF,2
CAASGETSGSRLTF,2
CAASGEYGNKLVF,2
CAASGFNFGNEKLTF,2
CAASGGAGNMLTF,2
CAASGGDMRF,2
CAASGGGNKLVF,2
CAASGGGTSYGKLTF,2
CAASGGKLIF,2
CAASGGNQFYF,2
CAASGGSQGNLIF,2
CAASGGTYKYIF,2
CAASGKAAGNKLTF,2
CAASGNAGGTSYGKLTF,2
CAASGNNNDMRF,2
CAASGNQFYF,2
CAASGNTGFQKLVF,2
CAASGQGAQKLVF,2
CAASGRGAGSYQLTF,2
CAASGRGSTLGRLYF,2
CAASGRNAGNMLTF,2
CAASGSSNTGKLIF,2
CAASGTSGTYKYIF,2
CAASGYALNF,2
CAASHGQKLLF,2
CAASIAGAGSYQLTF,2
CAASIAGGGADGLTF,2
CAASIDNAGNMLTF,2
CAASIEGSARQLTF,2
CAASIGDYKLSF,2
CAASIGGGADGLTF,2
CAASIGGSARQLTF,2
CAASIGGSQGNLIF,2
CAASIGGTSYGKLTF,2
CAASIGGYQKVTF,2
CAASIGNAGNMLTF,2
CAASIGNYGQNFVF,2
CAASIGSSASKIIF,2
CAASIGYSSASKIIF,2
CAASIKGGSEKLVF,2
CAASILRAAGNKLTF,2
CAASINAGNMLTF,2
CAASINARLMF,2
CAASINTGTASKLTF,2
CAASIPYSSASKIIF,2
CAASIQGGSEKLVF,2
CAASIRDDKIIF,2
CAASISGGGADGLTF,2
CAASISGGSYIPTF,2
CAASISGNQFYF,2
CAASITGGFKTIF,2
CAASIYDYKLSF,2
CAASKAGGGNKLTF,2
CAASKDDKIIF,2
CAASKDNAGNMLTF,2
CAASKDTDKLIF,2
CAASKEGGSYIPTF,2
CAASKETSGSRLTF,2
CAASKGDDKIIF,2
CAASKGDSWGKLQF,2
CAASKGGANNLFF,2
CAASKGGGGNKLTF,2
CAASKGGKLIF,2
CAASKGGSQGNLIF,2
CAASKGGTYKYIF,2
CAASKGGYNKLIF,2
CAASKGGYQKVTF,2
CAASKGNTDKLIF,2
CAASKGQAGTALIF,2
CAASKGQGGKLIF,2
CAASKGSARQLTF,2
CAASKGSGTYKYIF,2
CAASKGSNYKLTF,2
CAASKGSSNTGKLIF,2
CAASKGTGGFKTIF,2
CAASKNNARLMF,2
CAASKNSGYSTLTF,2
CAASKNTGGFKTIF,2
CAASKPGGFKTIF,2
CAASKPGGYNKLIF,2
CAASKQAGTALIF,2
CAASKQGLTGGGNKLTF,2
CAASKQTGANNLFF,2
CAASKTDKLIF,2
CAASKTGANNLFF,2
CAASKTGNQFYF,2
CAASKTSYDKVIF,2
CAASLGGNQFYF,2
CAASLGKLIF,2
CAASLNNARLMF,2
CAASLNTGNQFYF,2
CAASLNYGGSQGNLIF,2
CAASLQGAQKLVF,2
CAASLRGAQKLVF,2
CAASLSGSARQLTF,2
CAASLTGGGNKLTF,2
CAASMEYGNKLVF,2
CAASMGNFNKFYF,2
CAASMGSGGSYIPTF,2
CAASMSGGYQKVTF,2
CAASMTGRRALTF,2
CAASMWYGGATNKLIF,2
CAASNAGGYNKLIF,2
CAASNAGKSTF,2
CAASNGGATNKLIF,2
CAASNGNDMRF,2
CAASNGNKLVF,2
CAASNGNNRLAF,2
CAASNGNQFYF,2
CAASNNDMRF,2
CAASNNNNDMRF,2
CAASNPGGYNKLIF,2
CAASNSGNTPLVF,2
CAASNSNTGKLIF,2
CAASNTDKLIF,2
CAASNTGANNLFF,2
CAASNTNAGKSTF,2
CAASNYGQNFVF,2
CAASPAAGNKLTF,2
CAASPFGNEKLTF,2
CAASPFQGAQKLVF,2
CAASPGGGYQKVTF,2
CAASPGGYQKVTF,2
CAASPNTGFQKLVF,2
CAASPNYGGATNKLIF,2
CAASPSASKIIF,2
CAASPSGSARQLTF,2
CAASPYGQNFVF,2
CAASPYNNNDMRF,2
CAASPYNTDKLIF,2
CAASQAAGNKLTF,2
CAASQGAQKLVF,2
CAASQGGSEKLVF,2
CAASQGGSYIPTF,2
CAASRAGGGNKLTF,2
CAASRAGNMLTF,2
CAASRDDYKLSF,2
CAASREAAGNKLTF,2
CAASRETSGSRLTF,2
CAASRFSDGQKLLF,2
CAASRGAAGNKLTF,2
CAASRGAQKLVF,2
CAASRGDMRF,2
CAASRGFQKLVF,2
CAASRGGGGNKLTF,2
CAASRGGSQGNLIF,2
CAASRGGYQKVTF,2
CAASRGNEKLTF,2
CAASRGNTGNQFYF,2
CAASRGQAGTALIF,2
CAASRGSYIPTF,2
CAASRGTGGFKTIF,2
CAASRNAGNMLTF,2
CAASRNARLMF,2
CAASRNQFYF,2
CAASRNSGNTPLVF,2
CAASRNTGFQKLVF,2
CAASRNTGGFKTIF,2
CAASRQTGANNLFF,2
CAASRSGGYNKLIF,2
CAASRTGGGNKLTF,2
CAASRTGNQFYF,2
CAASRTGTYKYIF,2
CAASSAGGTSYGKLTF,2
CAASSARQLTF,2
CAASSGDDKIIF,2
CAASSGGSQGNLIF,2
CAASSGNTPLVF,2
CAASSGYGQNFVF,2
CAASSGYSTLTF,2
CAASSIIQGAQKLVF,2
CAASSNDYKLSF,2
CAASSNQGGKLIF,2
CAASSNTGFQKLVF,2
CAASSNYGGSQGNLIF,2
CAASSPGYSTLTF,2
CAASSPSGGSYIPTF,2
CAASSSGGSYIPTF,2
CAASSSGGYNKLIF,2
CAASSSGGYQKVTF,2
CAASSSNFGNEKLTF,2
CAASSTGGFKTIF,2
CAASSTGTASKLTF,2
CAASTDSWGKFQF,2
CAASTGANNLFF,2
CAASTGANSKLTF,2
CAASTGGSYIPTF,2
CAASTNNAGNMLTF,2
CAASTNQGGKLIF,2
CAASTNSGYALNF,2
CAASTSGGGADGLTF,2
CAASTSGSARQLTF,2
CAASTTGGGNKLTF,2
CAASTTSGTYKYIF,2
CAASVAGGTSYGKLTF,2
CAASVAGNQFYF,2
CAASVGAGSYQLTF,2
CAASVGAQKLVF,2
CAASVGGYQKVTF,2
CAASVSGGSNYKLTF,2
CAASYGKLTF,2
CAASYNSGNTPLVF,2
CAASYNTDKLIF,2
CAASYSGNTGKLIF,2
CAASYSGNTPLVF,2
CAASYTNAGKSTF,2
CAATAGGTSYGKLTF,2
CAATFTGGGNKLTF,2
CAATGAGSYQLTF,2
CAATGDYKLSF,2
CAATGFQKLVF,2
CAATGGSNYKLTF,2
CAATGNTPLVF,2
CAATGTYKYIF,2
CAATLSGGYNKLIF,2
CAATLSGGYQKVTF,2
CAATNDYKLSF,2
CAATNFGNEKLTF,2
CAATNNAGNMLTF,2
CAATNSGYALNF,2
CAATNTGNQFYF,2
CAATNTNAGKSTF,2
CAATPGGSYIPTF,2
CAATPGTYKYIF,2
CAATPNYGQNFVF,2
CAATRGNQFYF,2
CAATRRPNAGGTSYGKLTF,2
CAATSNDYKLSF,2
CAATSSGSARQLTF,2
CAATSYDKVIF,2
CAATTGANNLFF,2
CAATYFGNEKLTF,2
CAATYGGSQGNLIF,2
CAATYGQNFVF,2
CAATYSGGGADGLTF,2
CAAVMNTGFQKLVF,2
CAAVNTGNQFYF,2
CAAVQGAQKLVF,2
CAAVSGGGADGLTF,2
CAAVSGGSYIPTF,2
CAAVSGNTGKLIF,2
CAAWFSDGQKLLF,2
CAAWGAAGNKLTF,2
CAAWGGGNKLTF,2
CAAYGQNFVF,2
CAAYGTSGTYKYIF,2
CAAYNFGNEKLTF,2
CAAYSGSARQLTF,2
CAAYSSASKIIF,2
CAAYSSNTGKLIF,2
CAAYTDKLIF,2
CAAYTGANSKLTF,2
CAAYTGFQKLVF,2
CAAYTGRRALTF,2
CAAYYGNNRLAF,2
CACETEQGPLF,2
CACMEYGNKLVF,2
CACSSNDYKLSF,2
CADASGGSYIPTF,2
CADGDHDAARRKTEIPF,2
CADHNQAGTALIF,2
CADLFSGGYNKLIF,2
CADLSGGYNKLIF,2
CADMNYGGSQGNLIF,2
CADNAGNMLTF,2
CADNNARLMF,2
CADNTDKLIF,2
CADNTGGFKTIF,2
CADSDRALHSTVRGLITF,2
CADSGGSNYKLTF,2
CADSGGYQKVTF,2
CADSSASKIIF,2
CAEAGANNLFF,2
CAEDGQKLLF,2
CAEFPSSASKIIF,2
CAEGDLNRDDKIIF,2
CAEGDTGGFKTIF,2
CAEGDYKLSF,2
CAEGGGSNYKLTF,2
CAEGGGSYIPTF,2
CAEGGSYIPTF,2
CAEGNQAGTALIF,2
CAEGNQGGKLIF,2
CAEGSGNTPLVF,2
CAEHSGAGSYQLTF,2
CAEIFGGYQKVTF,2
CAEILNTGGFKTIF,2
CAEILYNQGGKLIF,2
CAEIPGYSSASKIIF,2
CAEIRQGAQKLVF,2
CAEISGGYQKVTF,2
CAEISNDYKLSF,2
CAEKAGANNLFF,2
CAEKDTGRRALTF,2
CAEKGAGGTSYGKLTF,2
CAEKGNFGNEKLTF,2
CAEKNPGNQFYF,2
CAEKNSGGYQKVTF,2
CAEKRAAGNKLTF,2
CAEKTSGTYKYIF,2
CAELFSGGYNKLIF,2
CAELTGGGNKLTF,2
CAEMGGSYIPTF,2
CAENDYGQNFVF,2
CAENFGNEKLTF,2
CAENGAGNMLTF,2
CAENGGDYKLSF,2
CAENGSGNTGKLIF,2
CAENIGAAGNKLTF,2
CAENIGTGGFKTIF,2
CAENINAGGTSYGKLTF,2
CAENIRGGKLIF,2
CAENMDSSYKLIF,2
CAENMGAGNMLTF,2
CAENMGSNSGYALNF,2
CAENNNARLMF,2
CAENPGGYNKLIF,2
CAENPMDSSYKLIF,2
CAENPSGGYQKVTF,2
CAENQGAQKLVF,2
CAENSGGGADGLTF,2
CAENTGGYNKLIF,2
CAENYGGSQGNLIF,2
CAEPNTGNQFYF,2
CAERDNFNKFYF,2
CAERDTDKLIF,2
CAERGFQKLVF,2
CAERGGYSTLTF,2
CAERGKLIF,2
CAERGYSTLTF,2
CAERMDSSYKLIF,2
CAERNQAGTALIF,2
CAERRNSGYALNF,2
CAERSSYKLIF,2
CAERYNFNKFYF,2
CAESGGSNYKLTF,2
CAESGNTPLVF,2
CAESGTGGSYIPTF,2
CAESIGGGSQGNLIF,2
CAESISGGYNKLIF,2
CAESLGYALNF,2
CAESLNDYKLSF,2
CAESMDSSYKLIF,2
CAESMRAAGNKLTF,2
CAESNARLMF,2
CAESNTGNQFYF,2
CAESPSNTGKLIF,2
CAESSGYSTLTF,2
CAESTGKLIF,2
CAESYGGATNKLIF,2
CAESYNQGGKLIF,2
CAETDSGTYKYIF,2
CAETDSSYKLIF,2
CAETF,2
CAETGGADGLTF,2
CAETGGFKTIF,2
CAETKAAGNKLTF,2
CAETNTGGFKTIF,2
CAETPFGNEKLTF,2
CAETPGGYNKLIF,2
CAETPNTGGFKTIF,2
CAETQGGKLIF,2
CAETSDTGRRALTF,2
CAETSTGGFKTIF,2
CAETYGGATNKLIF,2
CAEVDSSYKLIF,2
CAFANTGNQFYF,2
CAFCQGAQKLVF,2
CAFDNYGQNFVF,2
CAFDQTGANNLFF,2
CAFDSNSGYALNF,2
CAFDTGRRALTF,2
CAFEETSGSRLTF,2
CAFFQAGTALIF,2
CAFGDYKLSF,2
CAFGGSQGNLIF,2
CAFGNEKLTF,2
CAFGTGRRALTF,2
CAFIFRIWSKELYSNF,2
CAFILTQGGSEKLVF,2
CAFIMNRDDKIIF,2
CAFINAGNMLTF,2
CAFIQGGSEKLVF,2
CAFISNFGNEKLTF,2
CAFLMDSSYKLIF,2
CAFLNTGGFKTIF,2
CAFLSGTYKYIF,2
CAFMEYGNKLVF,2
CAFMILYSGAGSYQLTF,2
CAFMIQGAQKLVF,2
CAFMKGAQKLVF,2
CAFMKHAGGTSYGKLTF,2
CAFMKLINNNDMRF,2
CAFMKQNNAGNMLTF,2
CAFMKRNNARLMF,2
CAFMKRNTGNQFYF,2
CAFMNAGNMLTF,2
CAFMNNAGNMLTF,2
CAFMTNAGGTSYGKLTF,2
CAFMTTGGFKTIF,2
CAFNAGGTSYGKLTF,2
CAFNDARLMF,2
CAFNNNARLMF,2
CAFNNYGQNFVF,2
CAFNQFYF,2
CAFNSGGSNYKLTF,2
CAFNSGYSTLTF,2
CAFNTDKLIF,2
CAFNTGNQFYF,2
CAFNYNQGGKLIF,2
CAFPDDKIIF,2
CAFPSGTYKYIF,2
CAFQGAQKLVF,2
CAFRAGGTSYGKLTF,2
CAFRGSGGSNYKLTF,2
CAFRMDSSYKLIF,2
CAFRNNNARLMF,2
CAFRSYNTDKLIF,2
CAFRYGGSQGNLIF,2
CAFSGGGADGLTF,2
CAFSGSARQLPF,2
CAFSNSNSGYALNF,2
CAFSSGSARQLTF,2
CAFTDGQKLLF,2
CAFYNNARLMF,2
CAFYNQGGKLIF,2
CAGADRLQAGMRGAF,2
CAGADRLQTGIRGAF,2
CAGADRLQTGMRCAF,2
CAGADRLQTGMRGEF,2
CAGADRLQTGMRVAF,2
CAGAGAGGTSYGKLTF,2
CAGAGDNFNKFYF,2
CAGAGGGSQGNLIF,2
CAGAGNQFYF,2
CAGAGSGGSNYKLTF,2
CAGAGSYQLTF,2
CAGAGTGGFKTIF,2
CAGAIGNQFYF,2
CAGAKNSGYALNF,2
CAGAPGGSYIPTF,2
CAGAPGYSTLTF,2
CAGARDDKIIF,2
CAGARGNKLVF,2
CAGASGGSNYKLTF,2
CAGASGNTPLVF,2
CAGATGANNLFF,2
CAGATNKLIF,2
CAGATSGTYKYIF,2
CAGAYGQNFVF,2
CAGAYNQGGKLIF,2
CAGAYSSASKIIF,2
CAGDAGGTSYGKLTF,2
CAGDGGTSYGKLTF,2
CAGDGQKLLF,2
CAGDNAGNMLTF,2
CAGDNYGQNFVF,2
CAGDQGAQKLVF,2
CAGDRDDKIIF,2
CAGDSGGYNKLIF,2
CAGDTGGGNKLTF,2
CAGEENYGQNFVF,2
CAGEGSQGNLIF,2
CAGEPTSGTYKYIF,2
CAGESGGGADGLTF,2
CAGETGNQFYF,2
CAGEYNFNKFYF,2
CAGFSDGQKLLF,2
CAGFSGGYNKLIF,2
CAGGDAGNMLTF,2
CAGGDDKIIF,2
CAGGDGVSQF,2
CAGGDNTDKLIF,2
CAGGETSGSRLTF,2
CAGGFKTIF,2
CAGGGGATNKLIF,2
CAGGGGNKLTF,2
CAGGGGSNYKLTF,2
CAGGGGSYIPTF,2
CAGGGNAGNMLTF,2
CAGGGSNYKLTF,2
CAGGKLIF,2
CAGGLNYGGSQGNLIF,2
CAGGMDSSYKLIF,2
CAGGNDYKLSF,2
CAGGNNARLMF,2
CAGGNTDKLIF,2
CAGGNYGGSQGNLIF,2
CAGGQGGKLIF,2
CAGGQNFVF,2
CAGGRGNEKLTF,2
CAGGSARQLTF,2
CAGGSQGNLIF,2
CAGGSYIPTF,2
CAGGTGTASKLTF,2
CAGGYNNNDMRF,2
CAGHCQETTF,2
CAGHFGNEKLTF,2
CAGHGGSQGNLIF,2
CAGHNAGNMLTF,2
CAGHNTNAGKSTF,2
CAGHSGGGADGLTF,2
CAGHSSNTGKLIF,2
CAGHTGGFKTIF,2
CAGIAGGTSYGKLTF,2
CAGILTGGGNKLTF,2
CAGISGSARQLTF,2
CAGISSGSARQLTF,2
CAGKSTF,2
CAGKTSGSRLTF,2
CAGKTSYDKVIF,2
CAGLDSWGKLQF,2
CAGLDYGGSQGNLIF,2
CAGLIQGAQKLVF,2
CAGLNAGGTSYGKLTF,2
CAGLQGAQKLVF,2
CAGLSGGSYIPTF,2
CAGLSGNTGKLIF,2
CAGLSGSARQLTF,2
CAGLSNTGKLIF,2
CAGLTGGGNKLTF,2
CAGLTQGGSEKLVF,2
CAGLYSGAGSYQLTF,2
CAGNFGNEKLTF,2
CAGNQGGKLIF,2
CAGNSGGSNYKLTF,2
CAGNSGTYKYIF,2
CAGNYGGSQGNLIF,2
CAGPAGGTSYGKLTF,2
CAGPFQGGSEKLVF,2
CAGPGETSGSRLTF,2
CAGPGGGSNYKLTF,2
CAGPGGSNYKLTF,2
CAGPGQAGTALIF,2
CAGPGSSASKIIF,2
CAGPHTGTASKLTF,2
CAGPKAAGNKLTF,2
CAGPKETSGSRLTF,2
CAGPMKTSYDKVIF,2
CAGPNDYKLSF,2
CAGPNSGGYQKVTF,2
CAGPNTNAGKSTF,2
CAGPRGNKLVF,2
CAGPRGSSNTGKLIF,2
CAGPTGGGNKLTF,2
CAGPTGTYKYIF,2
CAGPYSGAGSYQLTF,2
CAGQGAQKLVF,2
CAGQGGSEKLVF,2
CAGQIQGAQKLVF,2
CAGQLREYGNKLVF,2
CAGQNAGGTSYGKLTF,2
CAGQNTDKLIF,2
CAGQQTGANNLFF,2
CAGQRVQGAQKLVF,2
CAGQVHSGNTPLVF,2
CAGQYGNKLVF,2
CAGRASGTYKYIF,2
CAGRDDKIIF,2
CAGREYNFNKFYF,2
CAGRGDYKLSF,2
CAGRGGSQGNLIF,2
CAGRGTDKLIF,2
CAGRMDSSYKLIF,2
CAGRNAGGTSYGKLTF,2
CAGRNNNARLMF,2
CAGRNSGNTPLVF,2
CAGRRDDKIIF,2
CAGRRSNDYKLSF,2
CAGRSGGGADGLTF,2
CAGRSGGYQKVTF,2
CAGRSGSARQLTF,2
CAGRSNFGNEKLTF,2
CAGRSSGSARQLTF,2
CAGRTTSGTYKYIF,2
CAGRYNAGNMLTF,2
CAGSGAGSYQLTF,2
CAGSGGATNKLIF,2
CAGSGGGADGLTF,2
CAGSGGSNYKLTF,2
CAGSGNTPLVF,2
CAGSSGGSNYKLTF,2
CAGSSGSARQLTF,2
CAGSTGGFKTIF,2
CAGSTNTGNQFYF,2
CAGSYSGAGSYQLTF,2
CAGTKAAGNKLTF,2
CAGTNTGNQFYF,2
CAGTSGSRLTF,2
CAGTSSASKIIF,2
CAGTYNFNKFYF,2
CAGTYNTDKLIF,2
CAGVAGTYKYIF,2
CAGVGSSNTGKLIF,2
CAGVIQGAQKLVF,2
CAGVMDSSYKLIF,2
CAGVNNAGNMLTF,2
CAGVSGTYKYIF,2
CAGVTGGSYIPTF,2
CAGYLGRLYF,2
CAGYNNNDMRF,2
CAGYNQGGKLIF,2
CAGYSGGYQKVTF,2
CAGYSSASKIIF,2
CAGYTGANSKLTF,2
CAGYTGTASKLTF,2
CAHDNTDKLIF,2
CAHILTGGGNKLTF,2
CAHKAAGNKLTF,2
CAHSGAGSYQLTF,2
CAHTDKLIF,2
CAIADTGGFKTIF,2
CAICQALHHGERRIRNF,2
CAICQALHQGELRIRNF,2
CAIDDYKLSF,2
CAIKSNFGNEKLTF,2
CAINNNAGNMLTF,2
CAINTGGFKTIF,2
CAIQGAQKLVF,2
CAISGGYNKLIF,2
CAISNTGNQFYF,2
CAITNAGGTSYGKLTF,2
CAITNTGNQFYF,2
CALAGNQFYF,2
CALAIYNQGGKLIF,2
CALANTGNQFYF,2
CALARSNDYKLSF,2
CALASGTYKYIF,2
CALDDDYKLSF,2
CALDDYKLSF,2
CALDETGGFKTIF,2
CALDGDSGYALNF,2
CALDGGSQGNLIF,2
CALDGPGNTDKLIF,2
CALDGSGNTGKLIF,2
CALDLTGGGNKLTF,2
CALDRGSTLGRLYF,2
CALDSGAGSYQLTF,2
CALDSGTYKYIF,2
CALDSGYSTLTF,2
CALDSSNTGKLIF,2
CALDTGGFKTIF,2
CALDTGGGNKLTF,2
CALDYTGGFKTIF,2
CALEGEAGNQFYF,2
CALFAGNKLVF,2
CALFGNEKLTF,2
CALFRGSQGNLIF,2
CALFYNQGGKLIF,2
CALGAAGNKLTF,2
CALGAGANNLFF,2
CALGAGYSTLTF,2
CALGATNKLIF,2
CALGDYKLSF,2
CALGEAAGNKLTF,2
CALGFSGGYNKLIF,2
CALGGATNKLIF,2
CALGGGANNLFF,2
CALGGGFKTIF,2
CALGGGYNKLIF,2
CALGGKLIF,2
CALGGNQGGKLIF,2
CALGGSYIPTF,2
CALGGTSYGKLTF,2
CALGGYSTLTF,2
CALGPSGSARQLTF,2
CALGSGGGADGLTF,2
CALGSGGSYIPTF,2
CALGSGSARQLTF,2
CALGSQGNLIF,2
CALGSSASKIIF,2
CALGSSNTGKLIF,2
CALGTGGFKTIF,2
CALGVNRDDKIIF,2
CALGYGGSQGNLIF,2
CALHASGGSYIPTF,2
CALHDYKLSF,2
CALHNNNDMRF,2
CALHNQGGKLIF,2
CALHSGGYQKVTF,2
CALHSGNTPLVF,2
CALHTGTASKLTF,2
CALIADNYGQNFVF,2
CALIGAAGNKLTF,2
CALIGGSNYKLTF,2
CALIKAAGNKLTF,2
CALIKNSGNTPLVF,2
CALINAGGTSYGKLTF,2
CALIQGGSEKLVF,2
CALISGGYNKLIF,2
CALISNFGNEKLTF,2
CALISNTGNQFYF,2
CALIYNQGGKLIF,2
CALKDDKIIF,2
CALKDTDKLIF,2
CALKGAAGNKLTF,2
CALKGGANNLFF,2
CALKGGATNKLIF,2
CALKGGGSYIPTF,2
CALKGGSARQLTF,2
CALKGGSEKLVF,2
CALKGGYNKLIF,2
CALKGSSASKIIF,2
CALKGTGGFKTIF,2
CALKKGNTGKLIF,2
CALKNSGGYQKVTF,2
CALKNTGGFKTIF,2
CALKSGGYQKVTF,2
CALKTGAGSYQLTF,2
CALKTGANNLFF,2
CALKTGGFKTIF,2
CALKTGGGNKLTF,2
CALLGGTSYGKLTF,2
CALLGSSNTGKLIF,2
CALLIKAAGNKLTF,2
CALLKAAGNKLTF,2
CALLNDYKLSF,2
CALLQGAQKLVF,2
CALLQGGSEKLVF,2
CALLRSNDYKLSF,2
CALLSGGSNYKLTF,2
CALLSGGSYIPTF,2
CALLSGNTGKLIF,2
CALLSNTGNQFYF,2
CALLTGGGNKLTF,2
CALLYGGSQGNLIF,2
CALLYGNNRLAF,2
CALLYNQGGKLIF,2
CALMDTGRRALTF,2
CALMNYGGSQGNLIF,2
CALMTTDSWGKLQF,2
CALNAGNMLTF,2
CALNNARLMF,2
CALNNNDMRF,2
CALNNQAGTALIF,2
CALNRGSTLGRLYF,2
CALNSGGGADGLTF,2
CALNSGNTPLVF,2
CALNSGYALNF,2
CALNSGYSTLTF,2
CALNSNSGYALNF,2
CALNTGFQKLVF,2
CALNTGNQFYF,2
CALNVYNTDKLIF,2
CALNYGGSQGNLIF,2
CALPFSDGQKLLF,2
CALPGAGSYQLTF,2
CALPGGYNKLIF,2
CALPGNQFYF,2
CALPMFSGGYNKLIF,2
CALPNDYKLSF,2
CALPNNNAGNMLTF,2
CALPTDSWGKLQF,2
CALPTQGGSEKLVF,2
CALQGAAGNKLTF,2
CALQGGSEKLVF,2
CALRAGGTSYGKLTF,2
CALRAGNMLTF,2
CALRAGSYQLTF,2
CALRDNNNDMRF,2
CALRDPRVDVPLLYPQRTETFSF,2
CALRDSGAGSYQLTF,2
CALREGNNRLAF,2
CALRFSGGYNKLIF,2
CALRFYGGSQGNLIF,2
CALRGGNFNKFYF,2
CALRGNARLMF,2
CALRGRDDKIIF,2
CALRGRDTGRRALTF,2
CALRGSGGSNYKLTF,2
CALRGSSNTGKLIF,2
CALRGTNAGKSTF,2
CALRGTSGSRLTF,2
CALRGYNQGGKLIF,2
CALRKNYGQNFVF,2
CALRNNAGNMLTF,2
CALRNNNDMRF,2
CALRNTGGFKTIF,2
CALRPGGSEKLVF,2
CALRPNNNDMRF,2
CALRPNSGYSTLTF,2
CALRRAGNMLTF,2
CALRRGSTLGRLYF,2
CALRSGGSNYKLTF,2
CALRSGGSYIPTF,2
CALRSGGYQKVTF,2
CALRSGNTGKLIF,2
CALRSNTGNQFYF,2
CALRSQGGSEKLVF,2
CALRSQRSPTRGLCALTF,2
CALRSSGGSYIPTF,2
CALRTDSWGKLQF,2
CALRTGGGNKLTF,2
CALRTGGYNKLIF,2
CALRTTGNQFYF,2
CALRVTGGGNKLTF,2
CALRYFGNEKLTF,2
CALSAYSSASKIIF,2
CALSDANTGNQFYF,2
CALSDGTNAGKSTF,2
CALSDLAGGTSYGKLTF,2
CALSDLRSSASKIIF,2
CALSDMNRDDKIIF,2
CALSDNTGNQFYF,2
CALSDNTNAGKSTF,2
CALSDPQGGSEKLVF,2
CALSDPSGNTPLVF,2
CALSDPTGGGNKLTF,2
CALSDPYLTTSGTYKYIF,2
CALSDQGFQKLVF,2
CALSDQGGGNKLTF,2
CALSDQGGSEKLVF,2
CALSDQGNAGNMLTF,2
CALSDRAGGTSYGKLTF,2
CALSDRDTGFQKLVF,2
CALSDRGNNARLMF,2
CALSDRGQGAQKLVF,2
CALSDSGAGSYQLTF,2
CALSDSGGGADGLTF,2
CALSDSGSARQLTF,2
CALSDSNTGKLIF,2
CALSDTGANSKLTF,2
CALSDTGNQFYF,2
CALSDTGRRALTF,2
CALSDYTGNQFYF,2
CALSEADTDKLIF,2
CALSEADTGGFKTIF,2
CALSEAETSYDKVIF,2
CALSEAGDNFNKFYF,2
CALSEAGGATNKLIF,2
CALSEAGGFKTIF,2
CALSEAGNFNKFYF,2
CALSEAGTGNQFYF,2
CALSEAGTYKYIF,2
CALSEAGYGGSQGNLIF,2
CALSEAKGSGGSNYKLTF,2
CALSEALYNFNKFYF,2
CALSEANAGGTSYGKLTF,2
CALSEANSGYALNF,2
CALSEANTGFQKLVF,2
CALSEANTGNQFYF,2
CALSEARAAGNKLTF,2
CALSEARLTGGGNKLTF,2
CALSEARNAGNMLTF,2
CALSEARNTDKLIF,2
CALSEARNYGQNFVF,2
CALSEASGGYNKLIF,2
CALSEATGANNLFF,2
CALSEATGNQFYF,2
CALSEATGRRALTF,2
CALSEAWSNTGKLIF,2
CALSEDAGGTSYGKLTF,2
CALSEDTGGFKTIF,2
CALSEDTNAGKSTF,2
CALSEEGGSYIPTF,2
CALSEGAAGNKLTF,2
CALSEGFSGGYNKLIF,2
CALSEGGGADGLTF,2
CALSEGGSYIPTF,2
CALSEGNYGQNFVF,2
CALSEGQAGTALIF,2
CALSEGSARQLTF,2
CALSEGTSGTYKYIF,2
CALSEGTSYGKLTF,2
CALSEGYSSASKIIF,2
CALSEIQGAQKLVF,2
CALSENGNKLVF,2
CALSENSGNTPLVF,2
CALSENSGYSTLTF,2
CALSEPSNDYKLSF,2
CALSEPYSSASKIIF,2
CALSEQGGSEKLVF,2
CALSERDDKIIF,2
CALSERETSGSRLTF,2
CALSERGGSEKLVF,2
CALSESSTSGTYKYIF,2
CALSETGNQFYF,2
CALSETSGSRLTF,2
CALSEVGQGAQKLVF,2
CALSEVKTSYDKVIF,2
CALSEVYGNNRLAF,2
CALSEYGGSQGNLIF,2
CALSEYKAAGNKLTF,2
CALSEYNFNKFYF,2
CALSFGNEKLTF,2
CALSGAGNTPLVF,2
CALSGAYNTDKLIF,2
CALSGDTGKLIF,2
CALSGDYGQNFVF,2
CALSGETSGSRLTF,2
CALSGGNDYKLSF,2
CALSGGNTGKLIF,2
CALSGGSQGNLIF,2
CALSGGSSASKIIF,2
CALSGGSYIPTF,2
CALSGNDYKLSF,2
CALSGNTGFQKLVF,2
CALSGNTGNQFYF,2
CALSGNTNAGKSTF,2
CALSGNTPLVF,2
CALSGPNDYKLSF,2
CALSGQAAGNKLTF,2
CALSGRDGQKLLF,2
CALSGRSSASKIIF,2
CALSGSGNTGKLIF,2
CALSGSNDYKLSF,2
CALSGSNFGNEKLTF,2
CALSGTGGSYIPTF,2
CALSGTSGTYKYIF,2
CALSGVNTDKLIF,2
CALSGYSTLTF,2
CALSIIQGAQKLVF,2
CALSIQGAQKLVF,2
CALSLIQGAQKLVF,2
CALSLKAAGNKLTF,2
CALSLNSGYSTLTF,2
CALSLNTGGFKTIF,2
CALSLNTNAGKSTF,2
CALSLSGSARQLTF,2
CALSLYNFNKFYF,2
CALSMDSSYKLIF,2
CALSMDTGRRALTF,2
CALSMRGSTLGRLYF,2
CALSNDYKLSF,2
CALSNFNKFYF,2
CALSNTGFQKLVF,2
CALSNYGQNFVF,2
CALSPDRGSTLGRLYF,2
CALSPNRDDKIIF,2
CALSPNTGNQFYF,2
CALSPQAGTALIF,2
CALSPSGNTGKLIF,2
CALSPSNTGKLIF,2
CALSPTGGFKTIF,2
CALSQGAQKLVF,2
CALSREYGNKLVF,2
CALSRGSNYKLTF,2
CALSRIQGAQKLVF,2
CALSRNNNARLMF,2
CALSSGAGSYQLTF,2
CALSSGGSNYKLTF,2
CALSSGGSYIPTF,2
CALSSGGYNKLIF,2
CALSSGNTGKLIF,2
CALSSNYKLTF,2
CALSSSGGYQKVTF,2
CALSSSGNTPLVF,2
CALSSTGNQFYF,2
CALSSYSSASKIIF,2
CALSTGGGNKLTF,2
CALSTGGSYIPTF,2
CALSTNAGKSTF,2
CALSTQGGSEKLVF,2
CALSVGDKIIF,2
CALSVGNFNKFYF,2
CALSVGTGGFKTIF,2
CALSVIKAAGNKLTF,2
CALSVPNFGNEKLTF,2
CALSVSNNARLMF,2
CALSVTGNQFYF,2
CALSYSSASKIIF,2
CALTGANSKLTF,2
CALTGDDKIIF,2
CALTGGSYIPTF,2
CALTGNQFYF,2
CALTGTGGFKTIF,2
CALTLNYGGSQGNLIF,2
CALTNFGNEKLTF,2
CALTNTGNQFYF,2
CALTPFSGGYNKLIF,2
CALTPNTGGFKTIF,2
CALTPQGGSEKLVF,2
CALTPYSSASKIIF,2
CALTTDSWGKLQF,2
CALTTGGFKTIF,2
CALTTSGTYKYIF,2
CALVGGGGNKLTF,2
CALVGGSYIPTF,2
CALVGSQGNLIF,2
CALVGSSNTGKLIF,2
CALVLATSGTYKYIF,2
CALVNNAGNMLTF,2
CALVNTGFQKLVF,2
CALVNYGGSQGNLIF,2
CALVQGAQKLVF,2
CALVQGGSEKLVF,2
CALVSGGSYIPTF,2
CALVTGGGNKLTF,2
CALYDYKLSF,2
CALYGGGGNKLTF,2
CALYGGSQGNLIF,2
CALYNTDKLIF,2
CALYSGTYKYIF,2
CALYSSASKIIF,2
CAMDSWGKLQF,2
CAMDTGRRALTF,2
CAMGGATNKLIF,2
CAMGGYNKLIF,2
CAMGLTGGGNKLTF,2
CAMGSGGYQKVTF,2
CAMGSHNQGGKLIF,2
CAMIGASGGSYIPTF,2
CAMIKAAGNKLTF,2
CAMIPYSGGGADGLTF,2
CAMKGGSQGNLIF,2
CAMKLTGGGNKLTF,2
CAMKTGANNLFF,2
CAMLDTGRRALTF,2
CAMMKTSYDKVIF,2
CAMNFNKFYF,2
CAMNPYSSASKIIF,2
CAMNRDDKIIF,2
CAMRAGGYQKVTF,2
CAMRASGGSYIPTF,2
CAMRDDKIIF,2
CAMRDFAGGTSYGKLTF,2
CAMRDGQKLLF,2
CAMRDNAGNMLTF,2
CAMRDRGSTLGRLYF,2
CAMRDTTSGTYKYIF,2
CAMRDYSSASKIIF,2
CAMREAFSDGQKLLF,2
CAMREAFSGGYNKLIF,2
CAMREANNNDMRF,2
CAMREANSGGSNYKLTF,2
CAMREDNYGQNFVF,2
CAMREDQTGANNLFF,2
CAMREDTGGFKTIF,2
CAMREDTGRRALTF,2
CAMREENTGNQFYF,2
CAMREGAGGFKTIF,2
CAMREGAKTSYDKVIF,2
CAMREGDYKLSF,2
CAMREGGGADGLTF,2
CAMREGGGSQGNLIF,2
CAMREGGLTGGGNKLTF,2
CAMREGGNFNKFYF,2
CAMREGGNNQGGKLIF,2
CAMREGGSWGKLQF,2
CAMREGIQGAQKLVF,2
CAMREGLIKAAGNKLTF,2
CAMREGMDSSYKLIF,2
CAMREGNNNARLMF,2
CAMREGPGNQFYF,2
CAMREGPGNTPLVF,2
CAMREGPNFGNEKLTF,2
CAMREGPNNDMRF,2
CAMREGPSGGSYIPTF,2
CAMREGRDDKIIF,2
CAMREGRSDGQKLLF,2
CAMREGSGAGSYQLTF,2
CAMREGSGGSYIPTF,2
CAMREGSGGYQKVTF,2
CAMREGSGNQFYF,2
CAMREGSNYKLTF,2
CAMRELSGEAGTALIF,2
CAMRENNAGNMLTF,2
CAMRENNFNKFYF,2
CAMRENRRGAQKLVF,2
CAMRENTGGFKTIF,2
CAMRENTGRRALTF,2
CAMREPSSGSARQLTF,2
CAMREPYNNNDMRF,2
CAMREPYSGAGSYQLTF,2
CAMRESTGFQKLVF,2
CAMRESTGNQFYF,2
CAMRESYGQNFVF,2
CAMRETGNQFYF,2
CAMRETRSNDYKLSF,2
CAMREVSGYSTLTF,2
CAMREVYSSASKIIF,2
CAMREYDYKLSF,2
CAMRGGGKLIF,2
CAMRGGNQGGKLIF,2
CAMRGIQGAQKLVF,2
CAMRGISGSARQLTF,2
CAMRGPFSSNTGKLIF,2
CAMRGSNTGNQFYF,2
CAMRGSSGGYQKVTF,2
CAMRIIQGAQKLVF,2
CAMRKGAQKLVF,2
CAMRPMDSSYKLIF,2
CAMRPNFGNEKLTF,2
CAMRQTGANNLFF,2
CAMRRGGSEKLVF,2
CAMRRTGFQKLVF,2
CAMRSYSSASKIIF,2
CAMRTNTGNQFYF,2
CAMRVLNAGNMLTF,2
CAMRVSGAGSYQLTF,2
CAMRVTGGGNKLTF,2
CAMRYGGSQGNLIF,2
CAMSAADSWGKLQF,2
CAMSAAGGTSYGKLTF,2
CAMSAAGGYNKLIF,2
CAMSAAGNKLTF,2
CAMSADSSASKIIF,2
CAMSAGAAGNKLTF,2
CAMSAGANSKLTF,2
CAMSAGFQKLVF,2
CAMSAGGSYIPTF,2
CAMSAGGYNKLIF,2
CAMSAGNTPLVF,2
CAMSAGSGGGADGLTF,2
CAMSAGSNDYKLSF,2
CAMSAGYDYKLSF,2
CAMSAIKAAGNKLTF,2
CAMSANAGGTSYGKLTF,2
CAMSANNDMRF,2
CAMSANSGGYQKVTF,2
CAMSANTGGFKTIF,2
CAMSANTGNQFYF,2
CAMSARRGSTLGRLYF,2
CAMSARTDKLIF,2
CAMSASGGGADGLTF,2
CAMSASGNNRLAF,2
CAMSASSSASKIIF,2
CAMSATGNQFYF,2
CAMSAYGNNRLAF,2
CAMSAYNTDKLIF,2
CAMSDNAGNMLTF,2
CAMSDNTDKLIF,2
CAMSDNYGQNFVF,2
CAMSDSGGGADGLTF,2
CAMSEGNNRLAF,2
CAMSENNNDMRF,2
CAMSENTDKLIF,2
CAMSFNDYKLSF,2
CAMSFYNTDKLIF,2
CAMSGGFQKLVF,2
CAMSGGGATNKLIF,2
CAMSGGGSYIPTF,2
CAMSGGYGQNFVF,2
CAMSGGYNKLIF,2
CAMSGNAGNMLTF,2
CAMSGNTGKLIF,2
CAMSGSGSARQLTF,2
CAMSGWGAQKLVF,2
CAMSGYSSASKIIF,2
CAMSHQAGTALIF,2
CAMSKAAGNKLTF,2
CAMSLNTDKLIF,2
CAMSLNTGNQFYF,2
CAMSLSGGSYIPTF,2
CAMSLSNDYKLSF,2
CAMSPFSGGYNKLIF,2
CAMSPNTGGFKTIF,2
CAMSPSGGSYIPTF,2
CAMSPSGTYKYIF,2
CAMSPYNTDKLIF,2
CAMSPYSSASKIIF,2
CAMSRGDSWGKFQF,2
CAMSRIQGAQKLVF,2
CAMSRNDYKLSF,2
CAMSRNSGNTPLVF,2
CAMSSGGSNYKLTF,2
CAMSSGYSTLTF,2
CAMSSSGGYQKVTF,2
CAMSSYNTDKLIF,2
CAMSTGGFKTIF,2
CAMSTGGGNKLTF,2
CAMSTNTGNQFYF,2
CAMSVDQGAQKLVF,2
CAMSVGGANSKLTF,2
CAMSVGGNNRLAF,2
CAMSVGGYQKVTF,2
CAMSVGNTDKLIF,2
CAMSVGTGGFKTIF,2
CAMSVIQGAQKLVF,2
CAMSVTNAGKSTF,2
CAMSVYSSASKIIF,2
CAMSYTNAGKSTF,2
CAMTGGYQKVTF,2
CAMTLGGATNKLIF,2
CAMTLNQAGTALIF,2
CAMTLTGGGNKLTF,2
CAMTNQAGTALIF,2
CAMTPNQAGTALIF,2
CAMTTDSWGKLQF,2
CAMTVSGGYNKLIF,2
CAMVTGTASKLTF,2
CANAIYTPCF,2
CANTGGFKTIF,2
CANYGGSQGNLIF,2
CAPDGGATNKLIF,2
CAPEASGGSYIPTF,2
CAPEGGSEKLVF,2
CAPEGGYQKVTF,2
CAPF,2
CAPFSSGSARQLTF,2
CAPGFQKLVF,2
CAPGNQFYF,2
CAPGSARQLTF,2
CAPGSGNTGKLIF,2
CAPHNAGNMLTF,2
CAPHSGGGADGLTF,2
CAPHTGTASKLTF,2
CAPILTGGGNKLTF,2
CAPKAAGNKLTF,2
CAPKYNNNDMRF,2
CAPLASGGSYIPTF,2
CAPLDDKIIF,2
CAPLDTGRRALTF,2
CAPLKAAGNKLTF,2
CAPLQARLMF,2
CAPLTGGFKTIF,2
CAPMEYGNKLVF,2
CAPMNYGGSQGNLIF,2
CAPNNAGNMLTF,2
CAPNNARLMF,2
CAPNSGNTPLVF,2
CAPNTGFQKLVF,2
CAPNYGGATNKLIF,2
CAPNYGGSQGNLIF,2
CAPPFSGGYNKLIF,2
CAPPNQAGTALIF,2
CAPPSGGSYIPTF,2
CAPPYGNNRLAF,2
CAPQTGANNLFF,2
CAPRDDKIIF,2
CAPRDYGQNFVF,2
CAPRGDYKLSF,2
CAPRRAGNMLTF,2
CAPRSYNTDKLIF,2
CAPSGGSNYKLTF,2
CAPSGGYNKLIF,2
CAPSGGYQKVTF,2
CAPSGSARQLTF,2
CAPSPGGSYIPTF,2
CAPSSNDYKLSF,2
CAPSSNTGKLIF,2
CAPTGGSYIPTF,2
CAPTGNQFYF,2
CAPVQRHRKYVVF,2
CAPYGNNRLAF,2
CAPYNTDKLIF,2
CAQRDDKIIF,2
CARGGADGLTF,2
CARGGGFKTIF,2
CARISSGSARQLTF,2
CARMDSSYKLIF,2
CARNNNARLMF,2
CARNQFYF,2
CARNYGGSQGNLIF,2
CARPNFGNEKLTF,2
CARSGNTPLVF,2
CARTGANNLFF,2
CARVSGGYNKLIF,2
CARYNFNKFYF,2
CARYNNNDMRF,2
CARYTGNQFYF,2
CASAACSCLLPYQCMYSSTF,2
CASASQVAGTTGAYHHAWLTF,2
CASDRGSTLGRLYF,2
CASDSGGYQKVTF,2
CASDSWGKLQF,2
CASFSGGYNKLIF,2
CASGGSNYKLTF,2
CASGMDSSYKLIF,2
CASHSGGGADGLTF,2
CASINQAGTALIF,2
CASISSGSARQLTF,2
CASLNNARLMF,2
CASLNQAGTALIF,2
CASLSGGSNYKLTF,2
CASLSGNTGKLIF,2
CASLTGNQFYF,2
CASMDSSYKLIF,2
CASNAGGTSYGKLTF,2
CASNFGNEKLTF,2
CASNRDDKIIF,2
CASNSGGYNKLIF,2
CASNTGTASKLTF,2
CASNYGQNFVF,2
CASPNNNAGNMLTF,2
CASPNQAGTALIF,2
CASPSGNTPLVF,2
CASRDDKIIF,2
CASRGGGFKTIF,2
CASSGGSYIPTF,2
CASSNDYKLSF,2
CASSSNTGKLIF,2
CASSTSGTYKYIF,2
CASTTSGTYKYIF,2
CASWIQGGSEKLVF,2
CASYGGSQGNLIF,2
CASYGTGANNLFF,2
CASYNFNKFYF,2
CASYNTDKLIF,2
CASYTGRRALTF,2
CASYTGTASKLTF,2
CATADRGSTLGRLYF,2
CATAGAGSYQLTF,2
CATAGYSTLTF,2
CATANDYKLSF,2
CATANTGGFKTIF,2
CATARSNDYKLSF,2
CATATGNQFYF,2
CATATNTGGFKTIF,2
CATATTDSWGKLQF,2
CATDADNARLMF,2
CATDADSGGGADGLTF,2
CATDADSSYKLIF,2
CATDAETSGSRLTF,2
CATDAGANSKLTF,2
CATDAGGNNRLAF,2
CATDAGGQKLLF,2
CATDAGGSYIPTF,2
CATDAGNDMRF,2
CATDAGNQFYF,2
CATDAGTSGSRLTF,2
CATDAIIRSNDYKLSF,2
CATDAMNRDDKIIF,2
CATDANTDKLIF,2
CATDARQAGTALIF,2
CATDASDYKLSF,2
CATDATDSWGKLQF,2
CATDATGGGADGLTF,2
CATDDFGNEKLTF,2
CATDDNYGQNFVF,2
CATDDTGTASKLTF,2
CATDENSGYSTLTF,2
CATDENTDKLIF,2
CATDESSGAGSYQLTF,2
CATDGAAGNKLTF,2
CATDGDGQNFVF,2
CATDGGSARQLTF,2
CATDGGSGYALNF,2
CATDGGSNYKLTF,2
CATDGGSQGNLIF,2
CATDGGTYKYIF,2
CATDGNQGGKLIF,2
CATDGSARQLTF,2
CATDGSNDYKLSF,2
CATDHTGGFKTIF,2
CATDKAAGNKLTF,2
CATDLNDYKLSF,2
CATDLNNNARLMF,2
CATDNARLMF,2
CATDNQGGKLIF,2
CATDPTGGGNKLTF,2
CATDPYGNNRLAF,2
CATDQAGTALIF,2
CATDQGGSEKLVF,2
CATDSGGSNYKLTF,2
CATDSGNTPLVF,2
CATDSNSGYALNF,2
CATDSTGGGNKLTF,2
CATDTGGFKTIF,2
CATDYGNNRLAF,2
CATEGNSGYSTLTF,2
CATETQGGSEKLVF,2
CATETSGSRLTF,2
CATGDSSYKLIF,2
CATGGGNKLTF,2
CATGGGSYIPTF,2
CATGGGYNKLIF,2
CATGNMLTF,2
CATGSGGGADGLTF,2
CATGSGGYQKVTF,2
CATGTASKLTF,2
CATGTSGSRLTF,2
CATGYSSASKIIF,2
CATHGSGNTGKLIF,2
CATKGGSEKLVF,2
CATKSPQGGSEKLVF,2
CATLDNYGQNFVF,2
CATLNTGGFKTIF,2
CATMNTGFQKLVF,2
CATNKLIF,2
CATNSGAGSYQLTF,2
CATNSGNTPLVF,2
CATNSNSGYALNF,2
CATNTGGFKTIF,2
CATNTGNQFYF,2
CATQETSGSRLTF,2
CATRGNDMRF,2
CATSGGGADGLTF,2
CATSGGSYIPTF,2
CATTGGFKTIF,2
CATTSGTYKYIF,2
CATVNNARLMF,2
CATVSGGGADGLTF,2
CATVTGGFKTIF,2
CATVTQGGSEKLVF,2
CATYNQGGKLIF,2
CATYTGFQKLVF,2
CAVADNTDKLIF,2
CAVADNYGQNFVF,2
CAVADSWGKLQF,2
CAVADTGRRALTF,2
CAVAEYGNKLVF,2
CAVAFTGGGNKLTF,2
CAVAGAGSYQLTF,2
CAVAGGGADGLTF,2
CAVAGGSYIPTF,2
CAVAGNTPLVF,2
CAVAGTALIF,2
CAVAGTYKYIF,2
CAVAGYGGSQGNLIF,2
CAVALNDYKLSF,2
CAVANAGGTSYGKLTF,2
CAVANFGNEKLTF,2
CAVANNARLMF,2
CAVANSGTYKYIF,2
CAVANTGGFKTIF,2
CAVANYGGSQGNLIF,2
CAVAPGANNLFF,2
CAVAPNQAGTALIF,2
CAVAPSGTYKYIF,2
CAVAPTGGFKTIF,2
CAVAPTGGGNKLTF,2
CAVARDDKIIF,2
CAVARSGNTPLVF,2
CAVARTDSWGKLQF,2
CAVASNDYKLSF,2
CAVASYNTDKLIF,2
CAVATDSWGKLQF,2
CAVATGNQFYF,2
CAVATGTASKLTF,2
CAVATSGTYKYIF,2
CAVAYGNNRLAF,2
CAVAYSGGYQKVTF,2
CAVCATHTTEVGRTTF,2
CAVCNNAGNMLTF,2
CAVDAGNMLTF,2
CAVDDKIIF,2
CAVDDNARLMF,2
CAVDGAGSYQLTF,2
CAVDGGATNKLIF,2
CAVDGNNRLAF,2
CAVDLTQGGSEKLVF,2
CAVDMNRDDKIIF,2
CAVDNAGKSTF,2
CAVDNTGNQFYF,2
CAVDPILTGGGNKLTF,2
CAVDPSSGGSYIPTF,2
CAVDPTGTASKLTF,2
CAVDPYGQNFVF,2
CAVDPYNNNDMRF,2
CAVDRGSQGNLIF,2
CAVDRNTGFQKLVF,2
CAVDSGAGSYQLTF,2
CAVDSGGSNYKLTF,2
CAVDSGSRLTF,2
CAVDSGTYKYIF,2
CAVDSNDYKLSF,2
CAVDSSNTGKLIF,2
CAVDSWGKLQF,2
CAVDTGGGNKLTF,2
CAVDTNAGKSTF,2
CAVDTQGGSEKLVF,2
CAVEAGGGNKLTF,2
CAVEALFFALCNTACCCSLF,2
CAVEASFGGAQKLVF,2
CAVEDFNKFYF,2
CAVEDGSSNTGKLIF,2
CAVEDKGGSEKLVF,2
CAVEDNARLMF,2
CAVEDNNAGNMLTF,2
CAVEDNNARLMF,2
CAVEDQGGGFKTIF,2
CAVEDQGTDKLIF,2
CAVEDRDSGYALNF,2
CAVEDRGGSARQLTF,2
CAVEDRRDDKIIF,2
CAVEDSSASKIIF,2
CAVEDTGRRALTF,2
CAVEEGNFNKFYF,2
CAVEENARLMF,2
CAVEENNTDKLIF,2
CAVEESQAGTALIF,2
CAVEGAGNMLTF,2
CAVEGEYGNKLVF,2
CAVEGFSGGYNKLIF,2
CAVEGGNTPLVF,2
CAVEGGSQGNLIF,2
CAVEGHSGGYQKVTF,2
CAVEGNTGFQKLVF,2
CAVEGQGGKLIF,2
CAVEGSGNTGKLIF,2
CAVEGYNTDKLIF,2
CAVEGYSTLTF,2
CAVEIQGAQKLVF,2
CAVELSSGNTGKLIF,2
CAVELTQGGSEKLVF,2
CAVENNARLMF,2
CAVENRDDKIIF,2
CAVENSGAGSYQLTF,2
CAVENSGNTPLVF,2
CAVENTGGFKTIF,2
CAVEPDRGSTLGRLYF,2
CAVEPNNARLMF,2
CAVEQAGTALIF,2
CAVEQTGANNLFF,2
CAVERDDKIIF,2
CAVERGAGGTSYGKLTF,2
CAVERNRDDKIIF,2
CAVERNTDKLIF,2
CAVERNTGGFKTIF,2
CAVESGGGADGLTF,2
CAVESGGSNYKLTF,2
CAVETGANNLFF,2
CAVETNTGNQFYF,2
CAVETSYDKVIF,2
CAVEVEYGNKLVF,2
CAVFGSARQLTF,2
CAVFKAAGNKLTF,2
CAVFNFGNEKLTF,2
CAVFNNNDMRF,2
CAVFNQAGTALIF,2
CAVFNSGGYQKVTF,2
CAVFNTNAGKSTF,2
CAVFSGGYQKVTF,2
CAVFSSNDYKLSF,2
CAVFTSGTYKYIF,2
CAVFYSSASKIIF,2
CAVGAAAAGNKLTF,2
CAVGAAGNQFYF,2
CAVGADGNKLVF,2
CAVGADNNDMRF,2
CAVGADYGGSQGNLIF,2
CAVGAGAAGNKLTF,2
CAVGAGAGKSTF,2
CAVGAGANNLFF,2
CAVGAGGGADGLTF,2
CAVGAGGNQFYF,2
CAVGAGGSYIPTF,2
CAVGAGNTDKLIF,2
CAVGAGTNAGKSTF,2
CAVGAKEYGNKLVF,2
CAVGALDFGNEKLTF,2
CAVGALMEYGNKLVF,2
CAVGALNNNDMRF,2
CAVGANNARLMF,2
CAVGAPGGSYIPTF,2
CAVGAPGTYKYIF,2
CAVGAPNDYKLSF,2
CAVGAPNFGNEKLTF,2
CAVGAQAGTALIF,2
CAVGARAGNMLTF,2
CAVGARDSSYKLIF,2
CAVGAREYGNKLVF,2
CAVGARFGNEKLTF,2
CAVGARGFQKLVF,2
CAVGARGGADGLTF,2
CAVGARGNNRLAF,2
CAVGARNQGGKLIF,2
CAVGARTGTASKLTF,2
CAVGASDYKLSF,2
CAVGASGGYQKVTF,2
CAVGASNARLMF,2
CAVGAWGNKLVF,2
CAVGAYDYKLSF,2
CAVGAYNQGGKLIF,2
CAVGAYNTDKLIF,2
CAVGAYSGAGSYQLTF,2
CAVGAYTGNQFYF,2
CAVGDGNKLVF,2
CAVGDGQKLLF,2
CAVGDNTDKLIF,2
CAVGDRGSTLGRLYF,2
CAVGDSGGGADGLTF,2
CAVGDSSYKLIF,2
CAVGDTDKLIF,2
CAVGDYGGSQGNLIF,2
CAVGDYGQNFVF,2
CAVGEGGSYIPTF,2
CAVGEKLVF,2
CAVGETSGSRLTF,2
CAVGFKTIF,2
CAVGFQKLVF,2
CAVGFTGGGNKLTF,2
CAVGGAAGNKLTF,2
CAVGGDDYKLSF,2
CAVGGFKTIF,2
CAVGGFQKLVF,2
CAVGGFSGGYNKLIF,2
CAVGGGATNKLIF,2
CAVGGGFKTIF,2
CAVGGGSARQLTF,2
CAVGGGTSYGKLTF,2
CAVGGGYNKLIF,2
CAVGGMDSSYKLIF,2
CAVGGNARLMF,2
CAVGGNDYKLSF,2
CAVGGNNDMRF,2
CAVGGNTPLVF,2
CAVGGSGNTGKLIF,2
CAVGGSNDYKLSF,2
CAVGGSRLTF,2
CAVGGSSNTGKLIF,2
CAVGGSTLGRLYF,2
CAVGGSYIPTF,2
CAVGGYNKLIF,2
CAVGGYSSASKIIF,2
CAVGHLYIIF,2
CAVGILTGGGNKLTF,2
CAVGINTDKLIF,2
CAVGLMEYGNKLVF,2
CAVGLNAGNMLTF,2
CAVGLNQAGTALIF,2
CAVGLSGGYNKLIF,2
CAVGLTGGGNKLTF,2
CAVGLYNQGGKLIF,2
CAVGMNRDDKIIF,2
CAVGMNTGFQKLVF,2
CAVGNFNKFYF,2
CAVGNNAGNMLTF,2
CAVGNNNDMRF,2
CAVGNQFYF,2
CAVGNQGGKLIF,2
CAVGNTGFQKLVF,2
CAVGNTGGFKTIF,2
CAVGPDNYGQNFVF,2
CAVGPFSGGYNKLIF,2
CAVGPGANNLFF,2
CAVGPGGYNKLIF,2
CAVGPGTYKYIF,2
CAVGPMDSSYKLIF,2
CAVGPNDYKLSF,2
CAVGPNNNDMRF,2
CAVGPNTDKLIF,2
CAVGPSGTYKYIF,2
CAVGPSSNTGKLIF,2
CAVGPTNFGNEKLTF,2
CAVGPYNQGGKLIF,2
CAVGQTGANNLFF,2
CAVGSGNTGKLIF,2
CAVGSGSARQLTF,2
CAVGSKAAGNKLTF,2
CAVGSNFGNEKLTF,2
CAVGSNNAGNMLTF,2
CAVGSNTDKLIF,2
CAVGSNTGNQFYF,2
CAVGSSYKLIF,2
CAVGSTGGGNKLTF,2
CAVGSTSGTYKYIF,2
CAVGSWGKLQF,2
CAVGTGFQKLVF,2
CAVGTGGYNKLIF,2
CAVGTGTASKLTF,2
CAVGVKAAGNKLTF,2
CAVGVNNNDMRF,2
CAVGWTGANNLFF,2
CAVGYNQGGKLIF,2
CAVGYQKVTF,2
CAVGYSGAGSYQLTF,2
CAVGYSGGGADGLTF,2
CAVHASGGSYIPTF,2
CAVHDYKLSF,2
CAVHGSGNTGKLIF,2
CAVHGSSNTGKLIF,2
CAVHMEYGNKLVF,2
CAVHNAGNMLTF,2
CAVHNDMRF,2
CAVHNNARLMF,2
CAVHNYGQNFVF,2
CAVHSGAGSYQLTF,2
CAVHSGGSNYKLTF,2
CAVHSGYSTLTF,2
CAVHTGRRALTF,2
CAVIAAGNKLTF,2
CAVIEYGNKLVF,2
CAVIFNTDKLIF,2
CAVIFTGGGNKLTF,2
CAVIGGSQGNLIF,2
CAVIGNQFYF,2
CAVIGNQGGKLIF,2
CAVIIQGAQKLVF,2
CAVILSGAGSYQLTF,2
CAVILSGGYQKVTF,2
CAVINAGGTSYGKLTF,2
CAVINARLMF,2
CAVINSGGSNYKLTF,2
CAVINTDKLIF,2
CAVINTGGFKTIF,2
CAVIPASGGSYIPTF,2
CAVIPGAGSYQLTF,2
CAVIPGGSYIPTF,2
CAVIPLTGGGNKLTF,2
CAVIPNDYKLSF,2
CAVIPYGGATNKLIF,2
CAVIPYGNNRLAF,2
CAVIRFGNEKLTF,2
CAVIRFSDGQKLLF,2
CAVIRGSQGNLIF,2
CAVIRNQGGKLIF,2
CAVISDGQKLLF,2
CAVISFGNEKLTF,2
CAVISGAGSYQLTF,2
CAVISGGSYIPTF,2
CAVISGGYQKVTF,2
CAVISGQKLLF,2
CAVISNDMRF,2
CAVISTGGFKTIF,2
CAVISTGGGNKLTF,2
CAVITGGGNKLTF,2
CAVIYNQGGKLIF,2
CAVKADSWGKLQF,2
CAVKAGGTSYGKLTF,2
CAVKAGGYQKVTF,2
CAVKAGTALIF,2
CAVKAVHGKDGKDYIF,2
CAVKAVHGKDGKDYIFAMYSF,2
CAVKDAGKSTF,2
CAVKDSGNTPLVF,2
CAVKDSSYKLIF,2
CAVKEETSGSRLTF,2
CAVKEGAQKLVF,2
CAVKELTGGGNKLTF,2
CAVKEPGAQKLVF,2
CAVKETSYDKVIF,2
CAVKFSGGYNKLIF,2
CAVKGAGGTSYGKLTF,2
CAVKGGANNLFF,2
CAVKGGGFKTIF,2
CAVKGGGNKLTF,2
CAVKGGGSNYKLTF,2
CAVKGGGYQKVTF,2
CAVKGGSQGNLIF,2
CAVKGGTSYGKLTF,2
CAVKGGTYKYIF,2
CAVKGGYNKLIF,2
CAVKGLTGGGNKLTF,2
CAVKGNNNDMRF,2
CAVKGNTGKLIF,2
CAVKGNTPLVF,2
CAVKGRGSTLGRLYF,2
CAVKGSARQLTF,2
CAVKGSGGSNYKLTF,2
CAVKGSSASKIIF,2
CAVKGTDKLIF,2
CAVKGTGGFKTIF,2
CAVKGYNQGGKLIF,2
CAVKGYSSASKIIF,2
CAVKKGGSYIPTF,2
CAVKKIQGAQKLVF,2
CAVKKNTGFQKLVF,2
CAVKNDYKLSF,2
CAVKNFGNEKLTF,2
CAVKNGGSQGNLIF,2
CAVKNNFNKFYF,2
CAVKNNNARLMF,2
CAVKNTGFQKLVF,2
CAVKNTGNQFYF,2
CAVKNYGGSQGNLIF,2
CAVKPGGSYIPTF,2
CAVKPGSARQLTF,2
CAVKREYGNKLVF,2
CAVKRGGGNKLTF,2
CAVKRGSSASKIIF,2
CAVKRGSTLGRLYF,2
CAVKRNQGGKLIF,2
CAVKRNTDKLIF,2
CAVKRSGGGADGLTF,2
CAVKSRGSTLGRLYF,2
CAVKTDSWGKLQF,2
CAVKTGGGNKLTF,2
CAVKTSGSRLTF,2
CAVKVGGSTLGRLYF,2
CAVLAGNNDMRF,2
CAVLAGTALIF,2
CAVLETSGSRLTF,2
CAVLFNAGNMLTF,2
CAVLFSDGQKLLF,2
CAVLGGGADGLTF,2
CAVLGGKLIF,2
CAVLGGTSYGKLTF,2
CAVLKFTF,2
CAVLLTGGGNKLTF,2
CAVLMTTDSWGKLQF,2
CAVLNFGNEKLTF,2
CAVLNNARLMF,2
CAVLNNDMRF,2
CAVLNSGGYQKVTF,2
CAVLNSGNTPLVF,2
CAVLNSGYALNF,2
CAVLNTGNQFYF,2
CAVLPYTGNQFYF,2
CAVLQGAQKLVF,2
CAVLSGAGSYQLTF,2
CAVLSGGYNKLIF,2
CAVLSGNTGKLIF,2
CAVLSGYSTLTF,2
CAVLSNFGNEKLTF,2
CAVLSQGGSEKLVF,2
CAVLTDSWGKLQF,2
CAVLTGTASKLTF,2
CAVLTQGGSEKLVF,2
CAVLWYSSASKIIF,2
CAVLYSGGGADGLTF,2
CAVMDTDKLIF,2
CAVMGGATNKLIF,2
CAVNAAGGYNKLIF,2
CAVNADNDMRF,2
CAVNADSWGKLQF,2
CAVNAFSGGYNKLIF,2
CAVNAGDMRF,2
CAVNAGNTDKLIF,2
CAVNAGSSNTGKLIF,2
CAVNAHNAGNMLTF,2
CAVNANSGYSTLTF,2
CAVNAPGTGGFKTIF,2
CAVNARSSASKIIF,2
CAVNARSSNTGKLIF,2
CAVNARTGGFKTIF,2
CAVNARTSYDKVIF,2
CAVNAYNTDKLIF,2
CAVNAYSSASKIIF,2
CAVNDGNNRLAF,2
CAVNDNFNKFYF,2
CAVNDNQGGKLIF,2
CAVNDYGQNFVF,2
CAVNEGTDKLIF,2
CAVNFNKFYF,2
CAVNGAGSYQLTF,2
CAVNGDFGNEKLTF,2
CAVNGGAAGNKLTF,2
CAVNGGAQKLVF,2
CAVNGGDDKIIF,2
CAVNGGDYKLSF,2
CAVNGGYQKVTF,2
CAVNGNAGNMLTF,2
CAVNGNQFYF,2
CAVNGNTPLVF,2
CAVNGQGGSEKLVF,2
CAVNGQTGANNLFF,2
CAVNHNQGGKLIF,2
CAVNIDDMRF,2
CAVNINKRSNFNKFYF,2
CAVNIYNFNKFYF,2
CAVNKDYGQNFVF,2
CAVNKGDYKLSF,2
CAVNLGYGGSQGNLIF,2
CAVNMDAGGTSYGKLTF,2
CAVNMNSGGYQKVTF,2
CAVNNNNAGNMLTF,2
CAVNNQGGKLIF,2
CAVNPGGYNKLIF,2
CAVNPGGYQKVTF,2
CAVNPGTASKLTF,2
CAVNPHNNDMRF,2
CAVNPNTDKLIF,2
CAVNPNTGTASKLTF,2
CAVNQGAQKLVF,2
CAVNQYSSASKIIF,2
CAVNRAAGNKLTF,2
CAVNRASGGSYIPTF,2
CAVNRDNAGNMLTF,2
CAVNRGKLIF,2
CAVNRGRDDKIIF,2
CAVNRGRETSGSRLTF,2
CAVNRGSSSASKIIF,2
CAVNRGTDKLIF,2
CAVNRSDMRF,2
CAVNRSGGSNYKLTF,2
CAVNSGAGSYQLTF,2
CAVNSGGSQGNLIF,2
CAVNSGTYKYIF,2
CAVNSNFGNEKLTF,2
CAVNSYNTDKLIF,2
CAVNTGANSKLTF,2
CAVNTGGGNKLTF,2
CAVNTGGSYIPTF,2
CAVNTGKLIF,2
CAVNTGSGYSTLTF,2
CAVNTNDYKLSF,2
CAVNVDSSYKLIF,2
CAVNVGGSYIPTF,2
CAVNVYNQGGKLIF,2
CAVNYGQNFVF,2
CAVPFSDGQKLLF,2
CAVPGAGSYQLTF,2
CAVPGFQKLVF,2
CAVPGGTNAGKSTF,2
CAVPGSARQLTF,2
CAVPIKAAGNKLTF,2
CAVPIYNQGGKLIF,2
CAVPLPQGGSEKLVF,2
CAVPLSGGSYIPTF,2
CAVPMDSSYKLIF,2
CAVPNAGGTSYGKLTF,2
CAVPNDYKLSF,2
CAVPNFGNEKLTF,2
CAVPNNAGNMLTF,2
CAVPNSGYALNF,2
CAVPNTGNQFYF,2
CAVPPQGGSEKLVF,2
CAVPPSGGYQKVTF,2
CAVPPSGNTPLVF,2
CAVPQGGSEKLVF,2
CAVPSGGYQKVTF,2
CAVPSNSGYALNF,2
CAVPSSGSARQLTF,2
CAVPSSNTGKLIF,2
CAVPTNAGKSTF,2
CAVPTQGGSEKLVF,2
CAVPYNQGGKLIF,2
CAVQADRGSTLGRLYF,2
CAVQAGGGSNYKLTF,2
CAVQAGGGSYIPTF,2
CAVQAGSGGYNKLIF,2
CAVQALGNAGNMLTF,2
CAVQALSNAGNMLTF,2
CAVQANSGYSTLTF,2
CAVQARGSYIPTF,2
CAVQARNTDKLIF,2
CAVQASGGYQKVTF,2
CAVQATGSARQLTF,2
CAVQDSWGKLQF,2
CAVQETSGSRLTF,2
CAVQEYGNKLVF,2
CAVQGFQKLVF,2
CAVQGNTDKLIF,2
CAVQGYSSASKIIF,2
CAVQIQGAQKLVF,2
CAVQMDSSYKLIF,2
CAVQNQAGTALIF,2
CAVQPFSGGYNKLIF,2
CAVQPSSNDYKLSF,2
CAVQRGGSYIPTF,2
CAVQSGGGADGLTF,2
CAVRADNYGQNFVF,2
CAVRAFNTNAGKSTF,2
CAVRAGGTSYGKLTF,2
CAVRAGGYNKLIF,2
CAVRAITGGGNKLTF,2
CAVRALYSSASKIIF,2
CAVRAMNSGGYQKVTF,2
CAVRANNAGNMLTF,2
CAVRANTGNQFYF,2
CAVRAPSGGSYIPTF,2
CAVRAPTGRRALTF,2
CAVRAPYNFNKFYF,2
CAVRAQTGANNLFF,2
CAVRASGGSYIPTF,2
CAVRATGRRALTF,2
CAVRDAAAGNKLTF,2
CAVRDAGGYQKVTF,2
CAVRDANNAGNMLTF,2
CAVRDANTGFQKLVF,2
CAVRDAYSGAGSYQLTF,2
CAVRDDKLIF,2
CAVRDDNNARLMF,2
CAVRDDSGAGSYQLTF,2
CAVRDDSSASKIIF,2
CAVRDDSSYKLIF,2
CAVRDDYKLSF,2
CAVRDEGAGSYQLTF,2
CAVRDEGGYNKLIF,2
CAVRDEQAGTALIF,2
CAVRDGDTDKLIF,2
CAVRDGGATNKLIF,2
CAVRDGGGSQGNLIF,2
CAVRDGGGYQKVTF,2
CAVRDGGSQGNLIF,2
CAVRDGGSYIPTF,2
CAVRDGGTGFQKLVF,2
CAVRDGNNAGNMLTF,2
CAVRDGNQGGKLIF,2
CAVRDGNRDDKIIF,2
CAVRDGRGSTLGRLYF,2
CAVRDGTGGFKTIF,2
CAVRDGYNFNKFYF,2
CAVRDIAGGSYIPTF,2
CAVRDIKAAGNKLTF,2
CAVRDINSGNTPLVF,2
CAVRDKGGSYIPTF,2
CAVRDLSNDYKLSF,2
CAVRDLYSGAGSYQLTF,2
CAVRDMDDYKLSF,2
CAVRDMETGGFKTIF,2
CAVRDNARLMF,2
CAVRDNNAGNMLTF,2
CAVRDNNARLMF,2
CAVRDNTGGFKTIF,2
CAVRDPGAGSYQLTF,2
CAVRDPGNTPLVF,2
CAVRDPLSGGYNKLIF,2
CAVRDPTGFQKLVF,2
CAVRDPYNFNKFYF,2
CAVRDPYSGAGSYQLTF,2
CAVRDQAGTALIF,2
CAVRDRDNTDKLIF,2
CAVRDRDTGGFKTIF,2
CAVRDRGNTDKLIF,2
CAVRDRGTGGFKTIF,2
CAVRDRNDMRF,2
CAVRDRNNNARLMF,2
CAVRDRNSGNTPLVF,2
CAVRDRNTGFQKLVF,2
CAVRDRNTNAGKSTF,2
CAVRDRTGGFKTIF,2
CAVRDRTGGSYIPTF,2
CAVRDSRDDKIIF,2
CAVRDSSGGSYIPTF,2
CAVRDSWGKLQF,2
CAVRDSYSGNTPLVF,2
CAVRDWDNYGQNFVF,2
CAVRDWMDSSYKLIF,2
CAVRDYGQNFVF,2
CAVRDYNQGGKLIF,2
CAVREDTDKLIF,2
CAVREGGKLIF,2
CAVREGGSQGNLIF,2
CAVREGGYSTLTF,2
CAVREGQAGTALIF,2
CAVRENDYKLSF,2
CAVRENNARLMF,2
CAVRETDSWGKLQF,2
CAVRETSGSRLTF,2
CAVREVTGGGNKLTF,2
CAVREYGGSQGNLIF,2
CAVRFNTDKLIF,2
CAVRFSGGYNKLIF,2
CAVRGAAGNKLTF,2
CAVRGAGGTSYGKLTF,2
CAVRGDGGATNKLIF,2
CAVRGDSSYKLIF,2
CAVRGGANNLFF,2
CAVRGGGFKTIF,2
CAVRGGGNKLTF,2
CAVRGGGYQKVTF,2
CAVRGGKLIF,2
CAVRGGSQGNLIF,2
CAVRGGTGRRALTF,2
CAVRGINDYKLSF,2
CAVRGLTGGGNKLTF,2
CAVRGMDSSYKLIF,2
CAVRGNEKLTF,2
CAVRGNNDMRF,2
CAVRGNNNARLMF,2
CAVRGNNRLAF,2
CAVRGNQFYF,2
CAVRGNQGGKLIF,2
CAVRGNTGFQKLVF,2
CAVRGNYGQNFVF,2
CAVRGPYILTGGGNKLTF,2
CAVRGSGGGADGLTF,2
CAVRGSGSARQLTF,2
CAVRGSNDYKLSF,2
CAVRGSNFGNEKLTF,2
CAVRGSNYKLTF,2
CAVRGSRLTF,2
CAVRGSSASKIIF,2
CAVRGSYNQGGKLIF,2
CAVRGTDKLIF,2
CAVRGTSYGKLTF,2
CAVRGTTDSWGKLQF,2
CAVRGTYKYIF,2
CAVRGVSGGYNKLIF,2
CAVRGYGGSQGNLIF,2
CAVRGYNKLIF,2
CAVRGYQKVTF,2
CAVRHGQNFVF,2
CAVRHQGGKLIF,2
CAVRIFGNEKLTF,2
CAVRILTGGGNKLTF,2
CAVRIQGAQKLVF,2
CAVRKDTDKLIF,2
CAVRKGGSEKLVF,2
CAVRKLTGGGNKLTF,2
CAVRKTGERYALNF,2
CAVRLASGTYKYIF,2
CAVRLNTGFQKLVF,2
CAVRLRNNNARLMF,2
CAVRLSDGQKLLF,2
CAVRLSGGSYIPTF,2
CAVRLYGNNRLAF,2
CAVRMNTGFQKLVF,2
CAVRNNARLMF,2
CAVRNNFNKFYF,2
CAVRNNNDMRF,2
CAVRNNNNDMRF,2
CAVRNQAGTALIF,2
CAVRNRDDKIIF,2
CAVRNSGNTPLVF,2
CAVRNTDKLIF,2
CAVRPDKLIF,2
CAVRPDYKLSF,2
CAVRPGGSEKLVF,2
CAVRPGGYNKLIF,2
CAVRPGNFNKFYF,2
CAVRPGQAGTALIF,2
CAVRPGTDKLIF,2
CAVRPHTGGFKTIF,2
CAVRPLFSGGYNKLIF,2
CAVRPMNTGFQKLVF,2
CAVRPNDYKLSF,2
CAVRPNNNDMRF,2
CAVRPNQAGTALIF,2
CAVRPNSGGYQKVTF,2
CAVRPNTDKLIF,2
CAVRPNTGFQKLVF,2
CAVRPPGGGNKLTF,2
CAVRPRGTGTASKLTF,2
CAVRPRNAGNMLTF,2
CAVRPSGGYNKLIF,2
CAVRPSGGYQKVTF,2
CAVRPSSGSARQLTF,2
CAVRPTGSARQLTF,2
CAVRPYGNNRLAF,2
CAVRPYNFNKFYF,2
CAVRPYNNNDMRF,2
CAVRPYNTDKLIF,2
CAVRQAGTALIF,2
CAVRQNRDDKIIF,2
CAVRQTGANNLFF,2
CAVRRDTDKLIF,2
CAVRRGAQKLVF,2
CAVRRGFGNEKLTF,2
CAVRRGGATNKLIF,2
CAVRRGGSEKLVF,2
CAVRRGNFNKFYF,2
CAVRRGNKLVF,2
CAVRRNAGGTSYGKLTF,2
CAVRRNNNARLMF,2
CAVRRNNNDMRF,2
CAVRRQGGSEKLVF,2
CAVRRSGGSYIPTF,2
CAVRRSNDYKLSF,2
CAVRRYSSASKIIF,2
CAVRSETSGSRLTF,2
CAVRSGANNLFF,2
CAVRSGGGADGLTF,2
CAVRSGNTGKLIF,2
CAVRSGSARQLTF,2
CAVRSGYALNF,2
CAVRSNAGKSTF,2
CAVRSNSGGYQKVTF,2
CAVRSQGGSEKLVF,2
CAVRSRDDKIIF,2
CAVRSSGNQFYF,2
CAVRSSGSARQLTF,2
CAVRSSNDYKLSF,2
CAVRSSNTGFQKLVF,2
CAVRTGGFKTIF,2
CAVRTNFGNEKLTF,2
CAVRTNSGNTPLVF,2
CAVRTNTGFQKLVF,2
CAVRTQGGSEKLVF,2
CAVRTSGNTPLVF,2
CAVRTSGSRLTF,2
CAVRTSGTYKYIF,2
CAVRTSYDKVIF,2
CAVRTYNNNDMRF,2
CAVRVDYKLSF,2
CAVRVRSSASKIIF,2
CAVRVSGGSYIPTF,2
CAVRVSGGYNKLIF,2
CAVRVSSGSARQLTF,2
CAVRYNNNDMRF,2
CAVRYNQGGKLIF,2
CAVSADRGSTLGRLYF,2
CAVSAGYSSASKIIF,2
CAVSANTGGFKTIF,2
CAVSANTGNQFYF,2
CAVSAQGEYGNKLVF,2
CAVSASGGYQKVTF,2
CAVSASNTGKLIF,2
CAVSDFSDGQKLLF,2
CAVSDGAAGNKLTF,2
CAVSDGANNLFF,2
CAVSDGGGSYIPTF,2
CAVSDGNTDKLIF,2
CAVSDKAGTALIF,2
CAVSDKGSYIPTF,2
CAVSDLKAAGNKLTF,2
CAVSDNFGNEKLTF,2
CAVSDPGAAGNKLTF,2
CAVSDPGGSYIPTF,2
CAVSDPGTYKYIF,2
CAVSDPNDYKLSF,2
CAVSDPNTGNQFYF,2
CAVSDPQGAQKLVF,2
CAVSDPSGTYKYIF,2
CAVSDQGAQKLVF,2
CAVSDRAGGYNKLIF,2
CAVSDRGSTLGRLYF,2
CAVSDRNYGGSQGNLIF,2
CAVSDRTGGFKTIF,2
CAVSDSGAGSYQLTF,2
CAVSDSGGGADGLTF,2
CAVSDSGGSNYKLTF,2
CAVSDSGGYNKLIF,2
CAVSDSWGKLQF,2
CAVSDTGFQKLVF,2
CAVSEDTDKLIF,2
CAVSEGFQKLVF,2
CAVSEGGNTPLVF,2
CAVSEGGSQGNLIF,2
CAVSEGNFNKFYF,2
CAVSEGNTPLVF,2
CAVSEGSGGSNYKLTF,2
CAVSEGSSNTGKLIF,2
CAVSEGTGGFKTIF,2
CAVSEGTSGTYKYIF,2
CAVSENSGGSNYKLTF,2
CAVSERGSYIPTF,2
CAVSERSGFQKLVF,2
CAVSESGNTGKLIF,2
CAVSESNFGNEKLTF,2
CAVSESNFNKFYF,2
CAVSETGAGSYQLTF,2
CAVSFGGGKLIF,2
CAVSFNAGGTSYGKLTF,2
CAVSFNTGGFKTIF,2
CAVSGAGKSTF,2
CAVSGAQKLVF,2
CAVSGDGNNRLAF,2
CAVSGDYKLSF,2
CAVSGGGATNKLIF,2
CAVSGGGYNKLIF,2
CAVSGGNTGFQKLVF,2
CAVSGGQGAQKLVF,2
CAVSGGTNAGKSTF,2
CAVSGGTSYGKLTF,2
CAVSGNQFYF,2
CAVSGNTGKLIF,2
CAVSGPGYALNF,2
CAVSGQGGSEKLVF,2
CAVSGRAGTALIF,2
CAVSGSGGYQKVTF,2
CAVSGSGYALNF,2
CAVSGSRGAQKLVF,2
CAVSGTASKLTF,2
CAVSGTGRRALTF,2
CAVSGYSSASKIIF,2
CAVSGYTGNQFYF,2
CAVSHGSSNTGKLIF,2
CAVSHSGGYQKVTF,2
CAVSHSGNTGKLIF,2
CAVSHTGNQFYF,2
CAVSILTGGGNKLTF,2
CAVSKLSF,2
CAVSKSSASKIIF,2
CAVSLGGYQKVTF,2
CAVSLMFSGGYNKLIF,2
CAVSLNTGFQKLVF,2
CAVSLRSGGYNKLIF,2
CAVSLSGGSYIPTF,2
CAVSLSGGYQKVTF,2
CAVSLTGGFKTIF,2
CAVSLTGGGNKLTF,2
CAVSLYNFNKFYF,2
CAVSLYSGAGSYQLTF,2
CAVSMNRDDKIIF,2
CAVSNNNDMRF,2
CAVSNQGGKLIF,2
CAVSNTGNQFYF,2
CAVSPGNQFYF,2
CAVSPLTGGGNKLTF,2
CAVSPNFGNEKLTF,2
CAVSPNTGFQKLVF,2
CAVSPPSNTGKLIF,2
CAVSPSGGYQKVTF,2
CAVSPSNDYKLSF,2
CAVSPTDKLIF,2
CAVSPTGGGNKLTF,2
CAVSPYSSASKIIF,2
CAVSRANNLFF,2
CAVSRGSARQLTF,2
CAVSRGSGYSTLTF,2
CAVSRGSQGNLIF,2
CAVSRNNNARLMF,2
CAVSRNNNDMRF,2
CAVSRNQGGKLIF,2
CAVSRNTGGFKTIF,2
CAVSRSGGSNYKLTF,2
CAVSRSSNTGKLIF,2
CAVSRTGTASKLTF,2
CAVSRTSGSRLTF,2
CAVSRYNFNKFYF,2
CAVSSAGGTSYGKLTF,2
CAVSSGAGSYQLTF,2
CAVSSGGGADGLTF,2
CAVSSGNQFYF,2
CAVSSGSARQLTF,2
CAVSSGTYKYIF,2
CAVSSGYSTLTF,2
CAVSSQAGTALIF,2
CAVSSSGGYQKVTF,2
CAVSSSNTGKLIF,2
CAVSSSNTGNQFYF,2
CAVSSTGGGNKLTF,2
CAVSSVGGATNKLIF,2
CAVSSYNQGGKLIF,2
CAVSSYSSASKIIF,2
CAVSTAAGNKLTF,2
CAVSTQGGSEKLVF,2
CAVSVKRGSNYKLTF,2
CAVSVRGSQGNLIF,2
CAVSVTGNQFYF,2
CAVSWTNAGKSTF,2
CAVSYMEYGNKLVF,2
CAVSYYGGSQGNLIF,2
CAVTAAGNKLTF,2
CAVTAGGSYIPTF,2
CAVTAYSSASKIIF,2
CAVTDSGNTPLVF,2
CAVTDTGGFKTIF,2
CAVTDTGNQFYF,2
CAVTDYGQNFVF,2
CAVTEYGNKLVF,2
CAVTFETGGFKTIF,2
CAVTFNQAGTALIF,2
CAVTFSGGYQKVTF,2
CAVTFTGGGNKLTF,2
CAVTGANNLFF,2
CAVTGGGKLIF,2
CAVTGNEKLTF,2
CAVTGNQGGKLIF,2
CAVTGNTPLVF,2
CAVTGQAGTALIF,2
CAVTGSSNTGKLIF,2
CAVTKTSYDKVIF,2
CAVTLFTGGGNKLTF,2
CAVTLNQAGTALIF,2
CAVTLSYNTDKLIF,2
CAVTLTGGGNKLTF,2
CAVTNFGNEKLTF,2
CAVTNNARLMF,2
CAVTNNNDMRF,2
CAVTNRDDKIIF,2
CAVTNTGGFKTIF,2
CAVTPGSSNTGKLIF,2
CAVTPKTSYDKVIF,2
CAVTPNQAGTALIF,2
CAVTPNTGFQKLVF,2
CAVTPYGGSQGNLIF,2
CAVTQNTGFQKLVF,2
CAVTRDDKIIF,2
CAVTRDGQKLLF,2
CAVTRFSDGQKLLF,2
CAVTRGGADGLTF,2
CAVTRGSTLGRLYF,2
CAVTRNDYKLSF,2
CAVTRSGGYQKVTF,2
CAVTRTGTASKLTF,2
CAVTSANQAGTALIF,2
CAVTSGAGSYQLTF,2
CAVTSGGGKSTF,2
CAVTSGGSNYKLTF,2
CAVTSGSRLTF,2
CAVTSGYSTLTF,2
CAVTSNTGKLIF,2
CAVTSSGNTPLVF,2
CAVTSYNNNDMRF,2
CAVTTDKLIF,2
CAVTTGGGKLIF,2
CAVTTGTYKYIF,2
CAVTVGGGKLIF,2
CAVTYDYKLSF,2
CAVTYSGGYQKVTF,2
CAVVAAGNKLTF,2
CAVVDRGSTLGRLYF,2
CAVVDYSGGGADGLTF,2
CAVVGGGSEKLVF,2
CAVVGGSYIPTF,2
CAVVIQGAQKLVF,2
CAVVLSGGYNKLIF,2
CAVVMNYGGSQGNLIF,2
CAVVMYSGGGADGLTF,2
CAVVNNDMRF,2
CAVVNQAGTALIF,2
CAVVNTGFQKLVF,2
CAVVNYGQNFVF,2
CAVVPILTGGGNKLTF,2
CAVVRDDKIIF,2
CAVVSDGQKLLF,2
CAVVSGGGADGLTF,2
CAVVSGGSNYKLTF,2
CAVVSGGYQKVTF,2
CAVVTGGGNKLTF,2
CAVVTGTASKLTF,2
CAVWDSGGSNYKLTF,2
CAVWDTGRRALTF,2
CAVWGNNNDMRF,2
CAVWNTGNQFYF,2
CAVYAGGTSYGKLTF,2
CAVYGNNRLAF,2
CAVYGNQFYF,2
CAVYNAGGTSYGKLTF,2
CAVYQAAGNKLTF,2
CAVYSGAGSYQLTF,2
CAVYSGGSNYKLTF,2
CAVYSGNTPLVF,2
CAVYSGTYKYIF,2
CAVYSNSGYALNF,2
CAVYTGANSKLTF,2
CAVYTNAGKSTF,2
CAWADRLQTGMRGAF,2
CAYCSNFGNEKLTF,2
CAYFSGGSNYKLTF,2
CAYGGSQGNLIF,2
CAYIQGAQKLVF,2
CAYKGYGGSQGNLIF,2
CAYNDMNRDDKIIF,2
CAYNDMRF,2
CAYNFDAGNQFYF,2
CAYNNNARLMF,2
CAYNNNDMRF,2
CAYNQGAQKLVF,2
CAYNQGGKLIF,2
CAYNTDKLIF,2
CAYNTGGFKTIF,2
CAYNTNAGKSTF,2
CAYRDFGNEKLTF,2
CAYRDGGSQGNLIF,2
CAYRGGSQGNLIF,2
CAYRIQGAQKLVF,2
CAYRNTNAGKSTF,2
CAYRRANAGNMLTF,2
CAYRRDDKIIF,2
CAYRRDNTDKLIF,2
CAYRRGNQFYF,2
CAYRRGRNAGGTSYGKLTF,2
CAYRRRNRDDKIIF,2
CAYRRTSYDKVIF,2
CAYRSADAGGTSYGKLTF,2
CAYRSAGAGSYQLTF,2
CAYRSAGNQFYF,2
CAYRSAGTSGSRLTF,2
CAYRSALAAGNKLTF,2
CAYRSANFGNEKLTF,2
CAYRSANGNQFYF,2
CAYRSANTGFQKLVF,2
CAYRSAQGAQKLVF,2
CAYRSARGGSEKLVF,2
CAYRSARSGSEKLVF,2
CAYRSASGTYKYIF,2
CAYRSATGGTSYGKLTF,2
CAYRSAYGNKLVF,2
CAYRSGEETSGSRLTF,2
CAYRSGNNNARLMF,2
CAYRSGNQFYF,2
CAYRSGNTGTASKLTF,2
CAYRSLQGGSEKLVF,2
CAYRSLYNNNDMRF,2
CAYRSNDMRF,2
CAYRSPGGSQGNLIF,2
CAYRSPQGGSEKLVF,2
CAYRSSNTGNQFYF,2
CAYRSTQGGSEKLVF,2
CAYRSVQGGSEKLVF,2
CAYRSYSGNTPLVF,2
CAYRTAQGGSEKLVF,2
CAYRTNTGNQFYF,2
CAYSFTGNQFYF,2
CAYSGTSGTYKYIF,2
CAYSGTYKYIF,2
CAYSLNRDDKIIF,2
CAYTGGGADGLTF,2
CAYTNNNDMRF,2
CAYTTDSWGKLQF,2
CAYVRGSEKLVF,2
CAYYGGATNKLIF,2
CCCCCKSRETSSTKLTF,2
CCGVPPAQPPHVPPCASSGF,2
CCSTCTNKF,2
CDVGHMALNTLMKCTF,2
CEDNAGNMLTF,2
CFSAF,2
CFSGF,2
CGADKEYGNKLVF,2
CGADTSGTYKYIF,2
CGADVGNQFYF,2
CGAEGIDDYKLSF,2
CGAGGTSYGKLTF,2
CGALQF,2
CGETSGSRLTF,2
CGFAKSF,2
CGGDRQPGDLHHRVVAEAPF,2
CGGSQGNLIF,2
CGGTGFQKLVF,2
CGIKYIKDDVIF,2
CGLTDSWGKLQF,2
CGNDMRF,2
CGSKRLVSHGFSRSFLF,2
CGTDNYGQNFVF,2
CGTDSSNTGKLIF,2
CGTEDQAGTALIF,2
CGTEIDNAGNMLTF,2
CGTESGGSNYKLTF,2
CGTGGSNYKLTF,2
CIERANFGNEKLTF,2
CIGSPAGNKLTF,2
CILDNNNDMRF,2
CILLNSGYSTLTF,2
CILRAPGSSNTGKLIF,2
CILRAQGGSEKLVF,2
CILRDGGGSNYKLTF,2
CILRDGSSNTGKLIF,2
CILRDLGAGGTSYGKLTF,2
CILRDLIQGAQKLVF,2
CILRDVGGSQGNLIF,2
CILRDVNAGGTSYGKLTF,2
CILRGAGNMLTF,2
CILRGAQKLVF,2
CILRGDDKIIF,2
CILRGGGADGLTF,2
CILRMEYGNKLVF,2
CILRSTGNQFYF,2
CILRTSYDKVIF,2
CILRVDWGMRF,2
CILSNTNAGKSTF,2
CILSYTGNQFYF,2
CIREIPDPDSAELLCCTF,2
CIRTTSGTYKYIF,2
CIVASGGSNYKLTF,2
CIVGGSQGNLIF,2
CIVKAGGTSYGKLTF,2
CIVLNSGGSNYKLTF,2
CIVNNAGNMLTF,2
CIVNSGGSNYKLTF,2
CIVPDRGSTLGRLYF,2
CIVRANDYKLSF,2
CIVRANNAGNMLTF,2
CIVRANTGTASKLTF,2
CIVRAYGQNFVF,2
CIVRDAGGTSYGKLTF,2
CIVRELYNFNKFYF,2
CIVRGSGGSNYKLTF,2
CIVRGSGGYQKVTF,2
CIVRGYTGTASKLTF,2
CIVRNQGGKLIF,2
CIVRNSGGSNYKLTF,2
CIVRPFSGSARQLTF,2
CIVRPYGGSQGNLIF,2
CIVRPYTGTASKLTF,2
CIVRSYNTDKLIF,2
CIVRVAGGNQGGKLIF,2
CIVRVANNAGNMLTF,2
CIVRVANRDDKIIF,2
CIVRVASSSASKIIF,2
CIVRVAYFGNEKLTF,2
CIVRVEGSQGNLIF,2
CIVRVGDDKIIF,2
CIVRVGDDYKLSF,2
CIVRVGGGGSQGNLIF,2
CIVRVGGSQGNLIF,2
CIVRVGISNFGNEKLTF,2
CIVRVGNAGNMLTF,2
CIVRVGNNNARLMF,2
CIVRVGNRDDKIIF,2
CIVRVGTGNQFYF,2
CIVRVGTGTASKLTF,2
CIVRVLNDYKLSF,2
CIVRVNNDMRF,2
CIVRVPNNNDMRF,2
CIVRVQGGSEKLVF,2
CIVRVVTSGTYKYIF,2
CIVRVYGGATNKLIF,2
CIVSARLMF,2
CIVSNSNSGYALNF,2
CIVSSGGSNYKLTF,2
CKGCYAKNFGPKGFGF,2
CLQLGVILQF,2
CLVAGLFNKFYF,2
CLVGASNTGGFKTIF,2
CLVGDDGNNRLAF,2
CLVGDDYKLSF,2
CLVGDGIKAAGNKLTF,2
CLVGDGPGSSNTGKLIF,2
CLVGDGTSGSARQLTF,2
CLVGDISGGYNKLIF,2
CLVGDIYNFNKFYF,2
CLVGDKAAGNKLTF,2
CLVGDLNRDDKIIF,2
CLVGDMDSSYKLIF,2
CLVGDNAGKSTF,2
CLVGDRMDSSYKLIF,2
CLVGDSSNTGKLIF,2
CLVGDTGFQKLVF,2
CLVGDYNQGGKLIF,2
CLVGEAAGNKLTF,2
CLVGGGRDDKIIF,2
CLVGGNFNKFYF,2
CLVGGSARQLTF,2
CLVGLMDSSYKLIF,2
CLVGPYNQGGKLIF,2
CLVGPYSGAGSYQLTF,2
CLVGTGGFKTIF,2
CLVGVSARLMF,2
CLVVASGGSYIPTF,2
CLVVFSGGYNKLIF,2
CPWKELRGKFICCIFARLMF,2
CQADYKLIF,2
CQPVDCGFRNATVHRLTFQF,2
CRGSNYKLTF,2
CRNTGFQKLVF,2
CSACMIGKVF,2
CSNDMRF,2
CSRYYLAPELIF,2
CTSGTYKYIF,2
CVAAQLNFTKDQLVF,2
CVAASGGSYIPTF,2
CVARTLLVF,2
CVAYSSASKIIF,2
CVDNQGGKLIF,2
CVFGNEKLTF,2
CVFNDMRF,2
CVFTCIF,2
CVGGGGFKTIF,2
CVGGYNKLIF,2
CVHFFFFF,2
CVLYTGGFKTIF,2
CVNNNAGNMLTF,2
CVPNFGNEKLTF,2
CVVADRGSTLGRLYF,2
CVVAGGTSYGKLTF,2
CVVAYSGAGSYQLTF,2
CVVDDYKLSF,2
CVVDTGRRALTF,2
CVVDTGTASKLTF,2
CVVELLHITPVCRDVNF,2
CVVFSGGYNKLIF,2
CVVGGSYIPTF,2
CVVGITMIDLCPRDSLNFVF,2
CVVGITMIDLYPRDSCNFVF,2
CVVGITMVDLYPRDSWNFVF,2
CVVGSGYALNF,2
CVVGSSNTGKLIF,2
CVVGTTMIDLYPRDSWNFVF,2
CVVHTGTASKLTF,2
CVVIFSGGYNKLIF,2
CVVIGNARLMF,2
CVVIHSGGYQKVTF,2
CVVILTGGGNKLTF,2
CVVINTGGFKTIF,2
CVVIPGGYQKVTF,2
CVVIPYSSASKIIF,2
CVVIRMDSSYKLIF,2
CVVKGDYKLSF,2
CVVKGNTDKLIF,2
CVVKGSYIPTF,2
CVVKGTGGFKTIF,2
CVVKKGSGSARQLTF,2
CVVKNSGGSNYKLTF,2
CVVKTGGGNKLTF,2
CVVKTSGTYKYIF,2
CVVKTSYDKVIF,2
CVVLSGGYNKLIF,2
CVVLSSNTGKLIF,2
CVVMDSSYKLIF,2
CVVMVSGGYNKLIF,2
CVVNAGDMRF,2
CVVNDDYKLSF,2
CVVNDNARLMF,2
CVVNDYGQNFVF,2
CVVNEDSSYKLIF,2
CVVNGAGGFKTIF,2
CVVNGGAAGNKLTF,2
CVVNGGSYIPTF,2
CVVNGHRGSYIPTF,2
CVVNGMDSSYKLIF,2
CVVNGNDYKLSF,2
CVVNGRGGGADGLTF,2
CVVNGRSQGNLIF,2
CVVNGYSSASKIIF,2
CVVNIGGTGKLIF,2
CVVNIRGAQKLVF,2
CVVNIRQGGKLIF,2
CVVNIYGGSQGNLIF,2
CVVNIYNQGGKLIF,2
CVVNKAAGNKLTF,2
CVVNKGDYKLSF,2
CVVNKGGKLIF,2
CVVNLDRGSTLGRLYF,2
CVVNLGGGADGLTF,2
CVVNMAGTALIF,2
CVVNMDDYKLSF,2
CVVNMEYGNKLVF,2
CVVNMGDKIIF,2
CVVNMGTGRRALTF,2
CVVNMGYGGSQGNLIF,2
CVVNMNNNARLMF,2
CVVNMRGGGNKLTF,2
CVVNNARLMF,2
CVVNNDMRF,2
CVVNNNNDMRF,2
CVVNNPGGFKTIF,2
CVVNPGGSYIPTF,2
CVVNPGGYNKLIF,2
CVVNPQEGGYNKLIF,2
CVVNPTDKLIF,2
CVVNPYSSASKIIF,2
CVVNRGGGNKLTF,2
CVVNRNARLMF,2
CVVNRNDYKLSF,2
CVVNRPNDYKLSF,2
CVVNRSGGFKTIF,2
CVVNSASKIIF,2
CVVNSDYKLSF,2
CVVNSGGSNYKLTF,2
CVVNSGGYQKVTF,2
CVVNSGSARQLTF,2
CVVNSNTGGFKTIF,2
CVVNSSASKIIF,2
CVVNTDKLIF,2
CVVNTGRRALTF,2
CVVNVNNAGNMLTF,2
CVVNWAAGNKLTF,2
CVVNYGQNFVF,2
CVVPISGGYNKLIF,2
CVVPNTGGFKTIF,2
CVVPSGGSYIPTF,2
CVVRDDKIIF,2
CVVRDSGTYKYIF,2
CVVRGGYNKLIF,2
CVVRGNNARLMF,2
CVVRGNTGFQKLVF,2
CVVRGYGGSQGNLIF,2
CVVRLYSSASKIIF,2
CVVRMNTGFQKLVF,2
CVVRNAGNMLTF,2
CVVRNNARLMF,2
CVVRNQAGTALIF,2
CVVRVYGGSQGNLIF,2
CVVRYGNNRLAF,2
CVVRYNFNKFYF,2
CVVSAGGGNKLTF,2
CVVSALSNDYKLSF,2
CVVSANQAGTALIF,2
CVVSANTGGFKTIF,2
CVVSARAAGNKLTF,2
CVVSARGGYNKLIF,2
CVVSASGTYKYIF,2
CVVSDGGGFKTIF,2
CVVSDGNTDKLIF,2
CVVSDLSNTDKLIF,2
CVVSDNFGNEKLTF,2
CVVSDPSGGSYIPTF,2
CVVSDTGGFKTIF,2
CVVSEAAGNKLTF,2
CVVSEGYSTLTF,2
CVVSGGSQGNLIF,2
CVVSGGYNKLIF,2
CVVSGGYQKVTF,2
CVVSLFSGGYNKLIF,2
CVVSLMFSGGYNKLIF,2
CVVSLSDGQKLLF,2
CVVSLSGGYNKLIF,2
CVVSNDYKLSF,2
CVVSNFNKFYF,2
CVVSPASGGSYIPTF,2
CVVSPGREYGNKLVF,2
CVVSPNTNAGKSTF,2
CVVSPTDSWGKLQF,2
CVVSPTGYSTLTF,2
CVVSRGGGNKLTF,2
CVVSRNNNARLMF,2
CVVSRTSGTYKYIF,2
CVVSSGGYNKLIF,2
CVVSSGGYQKVTF,2
CVVSSTGNQFYF,2
CVVSTGFQKLVF,2
CVVSYSGGYQKVTF,2
CVVSYTGGFKTIF,2
CVVSYTGNQFYF,2
CVVTDRGSTLGRLYF,2
CVVTDSWGKLQF,2
CVVTFSGGYNKLIF,2
CVVTGGFKTIF,2
CVVTGGSQGNLIF,2
CVVTGGSYIPTF,2
CVVTGNQFYF,2
CVVTLSGSARQLTF,2
CVVTLYGNNRLAF,2
CVVTMEYGNKLVF,2
CVVTNNAGNMLTF,2
CVVTNRDDKIIF,2
CVVTPGREYGNKLVF,2
CVVTPNQAGTALIF,2
CVVTRGGSQGNLIF,2
CVVTTGGGNKLTF,2
CVVYNYGQNFVF,2
CVVYSSASKIIF,2
CWGVPPAQPPHFPPCASSGF,2
CWGVPPAQPPHVPPCASSCF,2
CWGVPPAQPPHVPPCAYSGF,2
CWGVPPAQQPHVPPCASSGF,2
CWGVPPAQRPHVPPCASSGF,2
CWGVPPAQTPHVTPCASSGF,2
CWGVPQAQPPHVPPCASSGF,2
CAADGGATNKLIF,3
CAADGQKLLF,3
CAADTGGFKTIF,3
CAAGAGGTSYGKLTF,3
CAAGEGNKLVF,3
CAAGFQKLVF,3
CAAGGGADGLTF,3
CAAGGGGNKLTF,3
CAAGGGSNYKLTF,3
CAAGGSNYKLTF,3
CAAGMDSSYKLIF,3
CAAGNQGGKLIF,3
CAAGQAGTALIF,3
CAAGYSSASKIIF,3
CAAKASGTYKYIF,3
CAAKGGGADGLTF,3
CAALDGQKLLF,3
CAALDSWGKLQF,3
CAALKAAGNKLTF,3
CAALNDYKLSF,3
CAALPGGGNKLTF,3
CAALPYNTDKLIF,3
CAALSGGSYIPTF,3
CAALSGGYNKLIF,3
CAAMEYGNKLVF,3
CAANAGNMLTF,3
CAANNNAGNMLTF,3
CAANSGYALNF,3
CAANTGTASKLTF,3
CAAPGYSSASKIIF,3
CAAPKAAGNKLTF,3
CAAPNNAGNMLTF,3
CAAPNYGGSQGNLIF,3
CAAPQGGSEKLVF,3
CAAPSGGYQKVTF,3
CAAQTGANNLFF,3
CAARAAGNKLTF,3
CAARANQAGTALIF,3
CAARGGGFKTIF,3
CAARGNNDMRF,3
CAARGSNDYKLSF,3
CAARGSQGNLIF,3
CAARNDYKLSF,3
CAARNNNARLMF,3
CAARNTGNQFYF,3
CAARRDDKIIF,3
CAARRTGANNLFF,3
CAARSGGSYIPTF,3
CAARSNTGNQFYF,3
CAARYSGAGSYQLTF,3
CAARYSSASKIIF,3
CAASAGGGADGLTF,3
CAASANDYKLSF,3
CAASAQGGSEKLVF,3
CAASARTGANNLFF,3
CAASASTGNQFYF,3
CAASDTGNQFYF,3
CAASEGGSEKLVF,3
CAASGAGSYQLTF,3
CAASGGADGLTF,3
CAASGGAQKLVF,3
CAASGGFKTIF,3
CAASGGGSYIPTF,3
CAASGGSNDYKLSF,3
CAASGGYQKVTF,3
CAASGNFGNEKLTF,3
CAASGNNDMRF,3
CAASGNSGNTPLVF,3
CAASGNTDKLIF,3
CAASGNTGKLIF,3
CAASGNTGNQFYF,3
CAASGSARQLTF,3
CAASGSGGSNYKLTF,3
CAASGTGSARQLTF,3
CAASGTGTASKLTF,3
CAASGTSYGKLTF,3
CAASGYSTLTF,3
CAASILTGGGNKLTF,3
CAASIRGGSYIPTF,3
CAASIRGNKLVF,3
CAASISNFGNEKLTF,3
CAASISSGSARQLTF,3
CAASKDDYKLSF,3
CAASKGGGFKTIF,3
CAASKGLTGGGNKLTF,3
CAASKGSGGSYIPTF,3
CAASKGYSTLTF,3
CAASKRDDKIIF,3
CAASLNDMRF,3
CAASLYNFNKFYF,3
CAASLYNQGGKLIF,3
CAASMDTGRRALTF,3
CAASMNFGNEKLTF,3
CAASMTGTASKLTF,3
CAASNAGGTSYGKLTF,3
CAASNNNAGNMLTF,3
CAASNNNARLMF,3
CAASNNNDMRF,3
CAASNRDDKIIF,3
CAASNSGGSNYKLTF,3
CAASNTGKLIF,3
CAASNTGNQFYF,3
CAASPGGSYIPTF,3
CAASPSGTYKYIF,3
CAASPTGTASKLTF,3
CAASRGGSYIPTF,3
CAASRGYSSASKIIF,3
CAASSGGSYIPTF,3
CAASSGGYNKLIF,3
CAASSGNQFYF,3
CAASSGNTGKLIF,3
CAASSPNTGNQFYF,3
CAASSSGTYKYIF,3
CAASSSNTGKLIF,3
CAASSYGGSQGNLIF,3
CAASTGFQKLVF,3
CAASTGGSQGNLIF,3
CAASTGTASKLTF,3
CAASVTGTASKLTF,3
CAASYGNNRLAF,3
CAASYGQNFVF,3
CAASYNFNKFYF,3
CAASYNNNDMRF,3
CAASYSSASKIIF,3
CAASYTGGFKTIF,3
CAATETSYDKVIF,3
CAATGGGADGLTF,3
CAATGGKLIF,3
CAATGGSYIPTF,3
CAATNQAGTALIF,3
CAATNYGGSQGNLIF,3
CAATPDRGSTLGRLYF,3
CAATSGNTPLVF,3
CAATSSGTYKYIF,3
CAATTSGTYKYIF,3
CAATYSGAGSYQLTF,3
CAATYSSASKIIF,3
CAAVGGSYIPTF,3
CAAYDYKLSF,3
CAAYNNNDMRF,3
CAAYNQGGKLIF,3
CAAYTGNQFYF,3
CACAGGTSYGKLTF,3
CADLDYKLSF,3
CAEFSGGYNKLIF,3
CAEGFQKLVF,3
CAEMNTGGFKTIF,3
CAENGGSNYKLTF,3
CAENGSGGSNYKLTF,3
CAENNNDMRF,3
CAENNQGGKLIF,3
CAENTGTASKLTF,3
CAENTSGTYKYIF,3
CAENYGGATNKLIF,3
CAESNYGGSQGNLIF,3
CAESSGGSYIPTF,3
CAETGTASKLTF,3
CAETTGFQKLVF,3
CAFDNTDKLIF,3
CAFDRGSTLGRLYF,3
CAFDSWGKLQF,3
CAFDTDKLIF,3
CAFKAAGNKLTF,3
CAFMYSGGGADGLTF,3
CAFNNAGNMLTF,3
CAFNTGTASKLTF,3
CAFQTGANNLFF,3
CAFSDGQKLLF,3
CAFTSGTYKYIF,3
CAFYGQNFVF,3
CAFYSGGSNYKLTF,3
CAFYSGGYQKVTF,3
CAGADRLQTGLRGAF,3
CAGADRLQTGMRGVF,3
CAGAGGSQGNLIF,3
CAGAGGTSYGKLTF,3
CAGANDYKLSF,3
CAGANFGNEKLTF,3
CAGARTGANNLFF,3
CAGASSGNTPLVF,3
CAGDNNARLMF,3
CAGDNQGGKLIF,3
CAGGGGADGLTF,3
CAGGGSSNTGKLIF,3
CAGGNTGGFKTIF,3
CAGGTGNQFYF,3
CAGHDYKLSF,3
CAGHGSSNTGKLIF,3
CAGLRSNDYKLSF,3
CAGNAGGTSYGKLTF,3
CAGNRDDKIIF,3
CAGNTDKLIF,3
CAGNTGGFKTIF,3
CAGPGAGSYQLTF,3
CAGPGGSQGNLIF,3
CAGPGGTSYGKLTF,3
CAGPGSARQLTF,3
CAGPNNAGNMLTF,3
CAGPYGGSQGNLIF,3
CAGRGGSNYKLTF,3
CAGRGNAGNMLTF,3
CAGRKAAGNKLTF,3
CAGRNYGQNFVF,3
CAGRYNTDKLIF,3
CAGSFGNEKLTF,3
CAGSGNTGKLIF,3
CAGSNDYKLSF,3
CAGSNFGNEKLTF,3
CAGSNTGKLIF,3
CAGSSNTGKLIF,3
CAGTASKLTF,3
CAGTDSWGKLQF,3
CAGTEYGNKLVF,3
CAGTGNQFYF,3
CAGVYNFNKFYF,3
CAHAGGTSYGKLTF,3
CAINNAGNMLTF,3
CAISGNTPLVF,3
CAITGGGNKLTF,3
CALASGSARQLTF,3
CALDNQGGKLIF,3
CALDNYGQNFVF,3
CALDSNSGYALNF,3
CALETSGSRLTF,3
CALFSGNTPLVF,3
CALFTGGGNKLTF,3
CALGGGGADGLTF,3
CALGGSNYKLTF,3
CALGGSQGNLIF,3
CALGTGNQFYF,3
CALGYGNKLVF,3
CALGYSSASKIIF,3
CALHTGGFKTIF,3
CALILTGGGNKLTF,3
CALINTGGFKTIF,3
CALIQGAQKLVF,3
CALITGGGNKLTF,3
CALKSGGSYIPTF,3
CALLDSSYKLIF,3
CALLNNAGNMLTF,3
CALLNQAGTALIF,3
CALLNSGGYQKVTF,3
CALLTGNQFYF,3
CALLYSSASKIIF,3
CALMNTGFQKLVF,3
CALNFGNEKLTF,3
CALNRDDKIIF,3
CALNSGGSNYKLTF,3
CALNTDKLIF,3
CALPNTGGFKTIF,3
CALPQGGSEKLVF,3
CALPSGNTPLVF,3
CALPTGGFKTIF,3
CALQSTDGVDFGNVDNCSKSF,3
CALQTGANNLFF,3
CALRDSSYKLIF,3
CALRFSDGQKLLF,3
CALRGAGGTSYGKLTF,3
CALRGGAQKLVF,3
CALRGSQGNLIF,3
CALRGTGNQFYF,3
CALRGYGGSQGNLIF,3
CALRMDSSYKLIF,3
CALRNQAGTALIF,3
CALRTNAGKSTF,3
CALRYSSASKIIF,3
CALSANTGGFKTIF,3
CALSDAGGTSYGKLTF,3
CALSDDYKLSF,3
CALSDNFGNEKLTF,3
CALSDPGGGADGLTF,3
CALSDQGNTPLVF,3
CALSDRAAGNKLTF,3
CALSDRDDKIIF,3
CALSDRGDYKLSF,3
CALSDRTGGFKTIF,3
CALSDRTGGGNKLTF,3
CALSDSGGSNYKLTF,3
CALSDTGGFKTIF,3
CALSEADRDDKIIF,3
CALSEAGNAGNMLTF,3
CALSEAGNTDKLIF,3
CALSEANFGNEKLTF,3
CALSEASNTGKLIF,3
CALSEAYQAGTALIF,3
CALSEDNYGQNFVF,3
CALSEGNAGNMLTF,3
CALSEGNQGGKLIF,3
CALSENDYKLSF,3
CALSERGAQKLVF,3
CALSETGGFKTIF,3
CALSGDSSYKLIF,3
CALSGGGADGLTF,3
CALSGNNDMRF,3
CALSGNYGQNFVF,3
CALSGSGGSNYKLTF,3
CALSGTNAGKSTF,3
CALSGTYKYIF,3
CALSGVTGGGNKLTF,3
CALSGYNQGGKLIF,3
CALSLTGGGNKLTF,3
CALSNNAGNMLTF,3
CALSPNSGNTPLVF,3
CALSPTQHLSEGGLLALYF,3
CALSRGSTLGRLYF,3
CALSSGTYKYIF,3
CALSSNTGKLIF,3
CALSSNTGNQFYF,3
CALSSSGGSYIPTF,3
CALSTGANSKLTF,3
CALSYNTDKLIF,3
CALTFF,3
CALTGTASKLTF,3
CALTQGGSEKLVF,3
CALTSGTYKYIF,3
CALTSSNDYKLSF,3
CALYGGATNKLIF,3
CALYNNNDMRF,3
CALYNQGGKLIF,3
CALYNTNAGKSTF,3
CALYSGGGADGLTF,3
CALYTGGFKTIF,3
CAMILTGGGNKLTF,3
CAMKAAGNKLTF,3
CAMKTSYDKVIF,3
CAMLTGGGNKLTF,3
CAMRDTGRRALTF,3
CAMREGDNYGQNFVF,3
CAMREGHTGGFKTIF,3
CAMREGNTGGFKTIF,3
CAMREGQGGSYIPTF,3
CAMREGYSSASKIIF,3
CAMREKTSYDKVIF,3
CAMRENRDDKIIF,3
CAMREVNTGGFKTIF,3
CAMRGGSYIPTF,3
CAMRNYGQNFVF,3
CAMRRGSTLGRLYF,3
CAMSAGGGNKLTF,3
CAMSAGSSASKIIF,3
CAMSFTGGGNKLTF,3
CAMSGAAGNKLTF,3
CAMSGTGRRALTF,3
CAMSNNARLMF,3
CAMSNQAGTALIF,3
CAMSNSGNTPLVF,3
CAMSSSNTGKLIF,3
CAMSVSGSARQLTF,3
CAMSYGGATNKLIF,3
CANSLWTTRKHDF,3
CANTGNQFYF,3
CAPASGGSYIPTF,3
CAPDNYGQNFVF,3
CAPDSGGYQKVTF,3
CAPNAGGTSYGKLTF,3
CAPNDYKLSF,3
CAPNQGGKLIF,3
CAPNTDKLIF,3
CAPRGSQGNLIF,3
CAPSGAGSYQLTF,3
CAPSGGGADGLTF,3
CAPSYGQNFVF,3
CAPTSGTYKYIF,3
CAPYNQGGKLIF,3
CAPYSSASKIIF,3
CAQCGAFF,3
CAQGGSEKLVF,3
CARKAAGNKLTF,3
CARSNDYKLSF,3
CASGGSYIPTF,3
CASGSARQLTF,3
CASKAAGNKLTF,3
CASMDTGRRALTF,3
CASNDYKLSF,3
CASNNAGNMLTF,3
CASNSGGSNYKLTF,3
CASNSGGYQKVTF,3
CASNTDKLIF,3
CASSGSARQLTF,3
CASSNFGNEKLTF,3
CASSNTGNQFYF,3
CASTGGGNKLTF,3
CASTGNQFYF,3
CASYNQGGKLIF,3
CASYSGAGSYQLTF,3
CATDAGGAQKLVF,3
CATDAGGTSYGKLTF,3
CATDAGYSTLTF,3
CATDEGYSTLTF,3
CATDGAGGTSYGKLTF,3
CATDKGGSEKLVF,3
CATDPDSGGGADGLTF,3
CATDPQGGSEKLVF,3
CATDSGAGSYQLTF,3
CATDSWGKLQF,3
CATDTGFQKLVF,3
CATDTGTASKLTF,3
CATDTNDYKLSF,3
CATGNQFYF,3
CATNTDKLIF,3
CATSGSARQLTF,3
CATSGTYKYIF,3
CATTGGGNKLTF,3
CATVDSWGKLQF,3
CATYSGGGADGLTF,3
CAVADRGSTLGRLYF,3
CAVAGGSQGNLIF,3
CAVAGNQFYF,3
CAVALSGGYNKLIF,3
CAVASNTGNQFYF,3
CAVAYSSASKIIF,3
CAVDAGGTSYGKLTF,3
CAVDDMRF,3
CAVDGQKLLF,3
CAVDNFNKFYF,3
CAVDNNARLMF,3
CAVDNQGGKLIF,3
CAVDNTDKLIF,3
CAVDRDDKIIF,3
CAVDRGSTLGRLYF,3
CAVDRRMDSSYKLIF,3
CAVDSGGYNKLIF,3
CAVDSSASKIIF,3
CAVDYGGSQGNLIF,3
CAVDYGQNFVF,3
CAVEDNFNKFYF,3
CAVEDNYGQNFVF,3
CAVEDQAAGNKLTF,3
CAVEDSSYKLIF,3
CAVEESSNTGKLIF,3
CAVEGGSYIPTF,3
CAVEGYQKVTF,3
CAVELYNFNKFYF,3
CAVEMNRDDKIIF,3
CAVENQAGTALIF,3
CAVENTGFQKLVF,3
CAVETGGFKTIF,3
CAVFDDYKLSF,3
CAVFGNEKLTF,3
CAVFNNARLMF,3
CAVFSGNTPLVF,3
CAVFTGNQFYF,3
CAVGAGDYKLSF,3
CAVGAGGFKTIF,3
CAVGAGQAGTALIF,3
CAVGANFGNEKLTF,3
CAVGANTGNQFYF,3
CAVGAPGGGADGLTF,3
CAVGATGGFKTIF,3
CAVGATGGSYIPTF,3
CAVGATSGTYKYIF,3
CAVGDNNARLMF,3
CAVGDNQGGKLIF,3
CAVGDTGRRALTF,3
CAVGEYGNKLVF,3
CAVGFSDGQKLLF,3
CAVGGGGSYIPTF,3
CAVGGGSNYKLTF,3
CAVGGGSYIPTF,3
CAVGGNQFYF,3
CAVGGNTGKLIF,3
CAVGGSARQLTF,3
CAVGGTYKYIF,3
CAVGLYNFNKFYF,3
CAVGNDYKLSF,3
CAVGPNTGNQFYF,3
CAVGPYNTDKLIF,3
CAVGRAAGNKLTF,3
CAVGRDDKIIF,3
CAVGSGTYKYIF,3
CAVGSNSGYALNF,3
CAVGSQGNLIF,3
CAVGSSASKIIF,3
CAVGSSGNTPLVF,3
CAVGSSGSARQLTF,3
CAVGSSNTGKLIF,3
CAVGSYNTDKLIF,3
CAVGTGANNLFF,3
CAVGTGNQFYF,3
CAVGTNAGKSTF,3
CAVGTSGTYKYIF,3
CAVGVNTDKLIF,3
CAVGYGQNFVF,3
CAVGYNFNKFYF,3
CAVGYSSASKIIF,3
CAVHKAAGNKLTF,3
CAVHNFNKFYF,3
CAVHNTNAGKSTF,3
CAVHSGGGADGLTF,3
CAVHTGNQFYF,3
CAVILNTGFQKLVF,3
CAVINQAGTALIF,3
CAVISGGGADGLTF,3
CAVISSGSARQLTF,3
CAVITGANNLFF,3
CAVKAGGYNKLIF,3
CAVKDNQGGKLIF,3
CAVKEYGNKLVF,3
CAVKGAGSYQLTF,3
CAVKGDSSYKLIF,3
CAVKGFSGGYNKLIF,3
CAVKGGGSYIPTF,3
CAVKGNYGQNFVF,3
CAVKGSQGNLIF,3
CAVKGSSNTGKLIF,3
CAVKGTYKYIF,3
CAVKNAGNMLTF,3
CAVKNNAGNMLTF,3
CAVKNQAGTALIF,3
CAVKSGGSYIPTF,3
CAVKSGGYQKVTF,3
CAVLDNYGQNFVF,3
CAVLDRGSTLGRLYF,3
CAVLFSGGYNKLIF,3
CAVLIKYMIF,3
CAVLIQGAQKLVF,3
CAVLNTNAGKSTF,3
CAVLNYGGATNKLIF,3
CAVLSGGYQKVTF,3
CAVLSGTYKYIF,3
CAVLSYNTDKLIF,3
CAVLTGANNLFF,3
CAVLTSGSRLTF,3
CAVLYNFNKFYF,3
CAVLYNQGGKLIF,3
CAVLYNTDKLIF,3
CAVLYSSASKIIF,3
CAVMDTGRRALTF,3
CAVMFSGGYNKLIF,3
CAVMIYNQGGKLIF,3
CAVMKTSYDKVIF,3
CAVMNRDDKIIF,3
CAVMNSGYSTLTF,3
CAVMNTGFQKLVF,3
CAVMNYGGSQGNLIF,3
CAVNARLMF,3
CAVNDMRF,3
CAVNDNNDMRF,3
CAVNGGATNKLIF,3
CAVNGGGSQGNLIF,3
CAVNGGGSYIPTF,3
CAVNGNNRLAF,3
CAVNGQNFVF,3
CAVNIQGAQKLVF,3
CAVNKGGSEKLVF,3
CAVNKNTDKLIF,3
CAVNMEYGNKLVF,3
CAVNNNDMRF,3
CAVNPDNFNKFYF,3
CAVNQGGKLIF,3
CAVNRGSTLGRLYF,3
CAVNRNNNDMRF,3
CAVNSGGYNKLIF,3
CAVNSGYALNF,3
CAVNTGRRALTF,3
CAVPDTGGFKTIF,3
CAVPGGATNKLIF,3
CAVPGGSQGNLIF,3
CAVPKAAGNKLTF,3
CAVPNTGGFKTIF,3
CAVPPFGNEKLTF,3
CAVPSGSARQLTF,3
CAVPSGTYKYIF,3
CAVPSNTGKLIF,3
CAVPTGNQFYF,3
CAVPYSGGGADGLTF,3
CAVQAGTALIF,3
CAVQASGGSYIPTF,3
CAVQTGANNLFF,3
CAVRAGANNLFF,3
CAVRANFGNEKLTF,3
CAVRANTNAGKSTF,3
CAVRASGGYNKLIF,3
CAVRASGTYKYIF,3
CAVRAYNTDKLIF,3
CAVRDGRDDKIIF,3
CAVRDGSSNTGKLIF,3
CAVRDGTGANNLFF,3
CAVRDKAAGNKLTF,3
CAVRDMDTGRRALTF,3
CAVRDNNNDMRF,3
CAVRDNYGQNFVF,3
CAVRDQGAQKLVF,3
CAVRDRAAGNKLTF,3
CAVRDRETNAGKSTF,3
CAVRDRNTGGFKTIF,3
CAVRDRNYGQNFVF,3
CAVRDRSGNTPLVF,3
CAVRDSDYKLSF,3
CAVRDTDKLIF,3
CAVRDTDSWGKLQF,3
CAVRDTGFQKLVF,3
CAVRDYKLSF,3
CAVREGTYKYIF,3
CAVRENQAGTALIF,3
CAVREPRSNHRASARLF,3
CAVREPSSNHRASARLF,3
CAVRESGGSYIPTF,3
CAVRETSYDKVIF,3
CAVRGAQKLVF,3
CAVRGDDKIIF,3
CAVRGGGSQGNLIF,3
CAVRGGSYIPTF,3
CAVRGGTSYGKLTF,3
CAVRGGYQKVTF,3
CAVRGNNNDMRF,3
CAVRGNTDKLIF,3
CAVRGNTPLVF,3
CAVRGQAGTALIF,3
CAVRGRDDKIIF,3
CAVRGSGGYQKVTF,3
CAVRGSGNTGKLIF,3
CAVRGSGNTPLVF,3
CAVRGSGTYKYIF,3
CAVRGSSNTGKLIF,3
CAVRGSTLGRLYF,3
CAVRGYSGAGSYQLTF,3
CAVRKTSYDKVIF,3
CAVRLTGGGNKLTF,3
CAVRNFGNEKLTF,3
CAVRNSGGSNYKLTF,3
CAVRNTGGFKTIF,3
CAVRNYGGSQGNLIF,3
CAVRPGGYQKVTF,3
CAVRPGSARQLTF,3
CAVRPKAAGNKLTF,3
CAVRPNFGNEKLTF,3
CAVRPYGQNFVF,3
CAVRRDDKIIF,3
CAVRSDGQKLLF,3
CAVRSGAGSYQLTF,3
CAVRSGGYNKLIF,3
CAVRTGANNLFF,3
CAVRTGGGNKLTF,3
CAVRTGGYQKVTF,3
CAVRVNTGGFKTIF,3
CAVRVPYNFNKFYF,3
CAVRVTGGGNKLTF,3
CAVRYGGSQGNLIF,3
CAVRYGQNFVF,3
CAVRYNARLMF,3
CAVRYSGAGSYQLTF,3
CAVSAGGFKTIF,3
CAVSAGGTSYGKLTF,3
CAVSASGGSYIPTF,3
CAVSDGQKLLF,3
CAVSDREGAQKLVF,3
CAVSDYKLSF,3
CAVSEAGANSKLTF,3
CAVSEDTGNQFYF,3
CAVSEGAQKLVF,3
CAVSESGGYQKVTF,3
CAVSETDSWGKLQF,3
CAVSFTGGGNKLTF,3
CAVSGGFKTIF,3
CAVSGNTDKLIF,3
CAVSGSSASKIIF,3
CAVSLSGSARQLTF,3
CAVSMEYGNKLVF,3
CAVSNFGNEKLTF,3
CAVSNNARLMF,3
CAVSNTGFQKLVF,3
CAVSPAQKAPPF,3
CAVSPNTDKLIF,3
CAVSPNTGGFKTIF,3
CAVSPYNQGGKLIF,3
CAVSQAGTALIF,3
CAVSQGAQKLVF,3
CAVSQGGKLIF,3
CAVSQGGSEKLVF,3
CAVSRDDKIIF,3
CAVSRIQGAQKLVF,3
CAVSRMDSSYKLIF,3
CAVSSGGYQKVTF,3
CAVSSNQAGTALIF,3
CAVSSTGNQFYF,3
CAVSTASKLTF,3
CAVSTDKLIF,3
CAVSTGGFKTIF,3
CAVSTGTASKLTF,3
CAVSWMDSSYKLIF,3
CAVSYNFNKFYF,3
CAVSYNNNDMRF,3
CAVSYSGGYQKVTF,3
CAVSYTGNQFYF,3
CAVTDNYGQNFVF,3
CAVTFSGGYNKLIF,3
CAVTGGFKTIF,3
CAVTGGGADGLTF,3
CAVTGGSYIPTF,3
CAVTGGYQKVTF,3
CAVTGRRALTF,3
CAVTLGGGKLIF,3
CAVTLNTDKLIF,3
CAVTNNAGNMLTF,3
CAVTNTGNQFYF,3
CAVTPSGGYNKLIF,3
CAVTPSGGYQKVTF,3
CAVTQGGKLIF,3
CAVTQGGSEKLVF,3
CAVTSSGGYNKLIF,3
CAVTSSGSARQLTF,3
CAVTTGTASKLTF,3
CAVTTSGTYKYIF,3
CAVVGGATNKLIF,3
CAVVGSSNTGKLIF,3
CAVVNNAGNMLTF,3
CAVVSGTYKYIF,3
CAVWMDSSYKLIF,3
CAVYDYKLSF,3
CAVYGGATNKLIF,3
CAVYGQNFVF,3
CAVYNNARLMF,3
CAVYSNTGKLIF,3
CAVYTGGFKTIF,3
CAVYTGGGNKLTF,3
CAVYTGRRALTF,3
CAVYYGNNRLAF,3
CAWLIF,3
CAYGGATNKLIF,3
CAYNAGNMLTF,3
CAYNNAGNMLTF,3
CAYRSANTGNQFYF,3
CAYRSAQGGSEKLVF,3
CAYRSATSGSRLTF,3
CAYRSATSGTYKYIF,3
CAYRSDTGTASKLTF,3
CAYRSGNFGNEKLTF,3
CAYRSPNRDDKIIF,3
CAYRSPNTGNQFYF,3
CAYRSYQGGSEKLVF,3
CAYSGGATNKLIF,3
CAYTGANSKLTF,3
CAYYSGGSNYKLTF,3
CDSRTTIIF,3
CETVPTGNVVF,3
CGADHSFMPIVLELIPLKIF,3
CGDPVSRAGGRWHLRGF,3
CGGSNYKLTF,3
CGLTGGGNKLTF,3
CGSKRLVSHDLCLSFLF,3
CGTEIPNDYKLSF,3
CGTVSGGSNYKLTF,3
CGWRRGPF,3
CHQHNNCSLLEHEQLQF,3
CILPLAGGTSYGKLTF,3
CILRGAGGTSYGKLTF,3
CIVAGGTSYGKLTF,3
CIVRANTGNQFYF,3
CIVRVANTGNQFYF,3
CIVRVYNNNDMRF,3
CLVGDMDTGRRALTF,3
CLVGDNFNKFYF,3
CLVGDNNNDMRF,3
CLVGDTGRRALTF,3
CMIVGSPELTF,3
CVFLIFNSVFTCIF,3
CVSGSHYLRTVLVGGKWHF,3
CVVASGGSYIPTF,3
CVVNAGNMLTF,3
CVVNGGGSYIPTF,3
CVVNGRDSSYKLIF,3
CVVNGYSTLTF,3
CVVNLNTGGFKTIF,3
CVVNNNARLMF,3
CVVNNQAGTALIF,3
CVVNNTNAGKSTF,3
CVVNPGNTPLVF,3
CVVNRGDSSYKLIF,3
CVVNRGSTLGRLYF,3
CVVNSGNTPLVF,3
CVVNTGGGNKLTF,3
CVVPASGGSYIPTF,3
CVVRGSQGNLIF,3
CVVSERGFQKLVF,3
CVVSGGGADGLTF,3
CVVSRSNDYKLSF,3
CVVTLSGGSYIPTF,3
CVVTYNTDKLIF,3
CVWHMGF,3
CWGEPPAQPPHVPPCASSGF,3
CAAAGGTSYGKLTF,4
CAADNYGQNFVF,4
CAADTGRRALTF,4
CAAHGSSNTGKLIF,4
CAAHNTDKLIF,4
CAAIIQGAQKLVF,4
CAAIQGAQKLVF,4
CAAKAAGNKLTF,4
CAALSGSARQLTF,4
CAANSGGSNYKLTF,4
CAANYGGSQGNLIF,4
CAAQGGSEKLVF,4
CAARDDKIIF,4
CAARTGGFKTIF,4
CAASANTGNQFYF,4
CAASDAGGTSYGKLTF,4
CAASFSGGYNKLIF,4
CAASGGGADGLTF,4
CAASGNTPLVF,4
CAASGSNDYKLSF,4
CAASGTYKYIF,4
CAASIKAAGNKLTF,4
CAASINQGGKLIF,4
CAASKGFQKLVF,4
CAASKGTGNQFYF,4
CAASNQAGTALIF,4
CAASNQGGKLIF,4
CAASRAAGNKLTF,4
CAASRGGGFKTIF,4
CAASSNTGNQFYF,4
CAASSSGSARQLTF,4
CAASTGGFKTIF,4
CAASTGGGADGLTF,4
CAASTGGGNKLTF,4
CAASVTGNQFYF,4
CAATDSWGKLQF,4
CAATGNQFYF,4
CAATSGGSYIPTF,4
CAAVSGGYNKLIF,4
CAAYSGGYQKVTF,4
CADSGNTPLVF,4
CAEKGLTGGGNKLTF,4
CAENTGNQFYF,4
CAERSGGSYIPTF,4
CAESIGKLIF,4
CAFAGGTSYGKLTF,4
CAFIIQRTRIAFF,4
CAFLSGGYNKLIF,4
CAFNDYKLSF,4
CAFSGGSNYKLTF,4
CAFSGSARQLTF,4
CAFTGGGNKLTF,4
CAGASGGSYIPTF,4
CAGATGNQFYF,4
CAGGGADGLTF,4
CAGGGTSYGKLTF,4
CAGGSNYKLTF,4
CAGGSSNTGKLIF,4
CAGLYNFNKFYF,4
CAGNNARLMF,4
CAGNTGNQFYF,4
CAGPNFGNEKLTF,4
CAGQTGANNLFF,4
CAGRNNAGNMLTF,4
CAGSARQLTF,4
CAGSDGQKLLF,4
CAGSGSARQLTF,4
CAGWMDSSYKLIF,4
CALEYGNKLVF,4
CALGNNDMRF,4
CALINQAGTALIF,4
CALLNTGGFKTIF,4
CALLSGSARQLTF,4
CALMEYGNKLVF,4
CALNAGGTSYGKLTF,4
CALNNYGQNFVF,4
CALNTGTASKLTF,4
CALQACMDGVDFGNVDNCSKSF,4
CALQSGGSYIPTF,4
CALRGDNFNKFYF,4
CALRGTGFQKLVF,4
CALRIQGAQKLVF,4
CALRRMDSSYKLIF,4
CALRSGSARQLTF,4
CALRSNDYKLSF,4
CALRSYNTDKLIF,4
CALRYGNNRLAF,4
CALSDHNYGQNFVF,4
CALSDRGSTLGRLYF,4
CALSGGTSYGKLTF,4
CALSGGYQKVTF,4
CALSGSGGSYIPTF,4
CALSGYSSASKIIF,4
CALSLSGGYNKLIF,4
CALSNAGGTSYGKLTF,4
CALSNTGNQFYF,4
CALSTSGTYKYIF,4
CALSVRNTDKLIF,4
CALSYNNAGNMLTF,4
CALTDSWGKLQF,4
CALTGFQKLVF,4
CALTNQAGTALIF,4
CAMKETSGSRLTF,4
CAMNSGGSNYKLTF,4
CAMRDNQGGKLIF,4
CAMRSGAGSYQLTF,4
CAMSAGYSSASKIIF,4
CAMSDRGSTLGRLYF,4
CAMSETGGGADGLTF,4
CAMYSSASKIIF,4
CAPMDSSYKLIF,4
CAPYSGGGADGLTF,4
CAQFHPDGLIF,4
CAQLF,4
CASMEYGNKLVF,4
CASNTGGFKTIF,4
CASSGAGSYQLTF,4
CASSSGGSYIPTF,4
CATDANDYKLSF,4
CATDDTGGFKTIF,4
CATDGNDYKLSF,4
CATDRDDKIIF,4
CATQGGSEKLVF,4
CATTDSWGKLQF,4
CAVANQAGTALIF,4
CAVDNQAGTALIF,4
CAVDSGNTPLVF,4
CAVDTGFQKLVF,4
CAVEDDKIIF,4
CAVEGGGFKTIF,4
CAVEGSSNTGKLIF,4
CAVFSGSARQLTF,4
CAVGARNTDKLIF,4
CAVGASGGSYIPTF,4
CAVGGGYQKVTF,4
CAVGGTSYGKLTF,4
CAVGNTDKLIF,4
CAVGNYGQNFVF,4
CAVGPYGNNRLAF,4
CAVGSGGYQKVTF,4
CAVGTGGFKTIF,4
CAVGYNNNDMRF,4
CAVILTGGGNKLTF,4
CAVIQGAQKLVF,4
CAVIRQGAQKLVF,4
CAVISNFGNEKLTF,4
CAVKDNYGQNFVF,4
CAVKESSASKIIF,4
CAVKGAAGNKLTF,4
CAVKGGSYIPTF,4
CAVKNTDKLIF,4
CAVKNYGQNFVF,4
CAVKTSYDKVIF,4
CAVLDGQKLLF,4
CAVLNNAGNMLTF,4
CAVLSGGSYIPTF,4
CAVLSGSARQLTF,4
CAVLTGGFKTIF,4
CAVLTGNQFYF,4
CAVNAGNMLTF,4
CAVNDDYKLSF,4
CAVNDNARLMF,4
CAVNEAAGNKLTF,4
CAVNFGNEKLTF,4
CAVNNDMRF,4
CAVNNDYKLSF,4
CAVNNYGQNFVF,4
CAVNPFSGGYNKLIF,4
CAVNSGGGADGLTF,4
CAVNSGSARQLTF,4
CAVPNSGGGADGLTF,4
CAVPSGGYNKLIF,4
CAVPTDSWGKLQF,4
CAVPTGANSKLTF,4
CAVPTSGTYKYIF,4
CAVPYSSASKIIF,4
CAVQAGGSYIPTF,4
CAVQANQAGTALIF,4
CAVRAAGNKLTF,4
CAVRANQAGTALIF,4
CAVRDAGNMLTF,4
CAVRDASGGSYIPTF,4
CAVRDFGNEKLTF,4
CAVRDMNTGFQKLVF,4
CAVRDNDYKLSF,4
CAVRDNTNAGKSTF,4
CAVRDRSNTGKLIF,4
CAVRDSGAGSYQLTF,4
CAVRDSSYKLIF,4
CAVRDTGGGNKLTF,4
CAVRDTGGSYIPTF,4
CAVRFGNEKLTF,4
CAVRFSDGQKLLF,4
CAVRGAGNMLTF,4
CAVRGAGSYQLTF,4
CAVRGDYKLSF,4
CAVRGGGADGLTF,4
CAVRGGSNYKLTF,4
CAVRGNNARLMF,4
CAVRGRGSTLGRLYF,4
CAVRGSGGSNYKLTF,4
CAVRGTGGFKTIF,4
CAVRNAGNMLTF,4
CAVRNTGFQKLVF,4
CAVRNTGNQFYF,4
CAVRNTGTASKLTF,4
CAVRPSGGSYIPTF,4
CAVRTNAGKSTF,4
CAVRYSSASKIIF,4
CAVSASKIIF,4
CAVSDGGATNKLIF,4
CAVSDTGRRALTF,4
CAVSEDTGGFKTIF,4
CAVSFSGGYNKLIF,4
CAVSGGYQKVTF,4
CAVSGNTPLVF,4
CAVSGSSNTGKLIF,4
CAVSGTGFQKLVF,4
CAVSGTYKYIF,4
CAVSGYSTLTF,4
CAVSLYNQGGKLIF,4
CAVSMNTGFQKLVF,4
CAVSNQAGTALIF,4
CAVSNSGGYQKVTF,4
CAVSNTDKLIF,4
CAVSPFSGGYNKLIF,4
CAVSRTGGGNKLTF,4
CAVSSASKIIF,4
CAVSSGGSYIPTF,4
CAVSSGGYNKLIF,4
CAVSSNTGNQFYF,4
CAVSSSGGSYIPTF,4
CAVSSSGSARQLTF,4
CAVSVSGGYNKLIF,4
CAVTCSSMSSTF,4
CAVTDKLIF,4
CAVTNAGGTSYGKLTF,4
CAVTNQAGTALIF,4
CAVTNYGGSQGNLIF,4
CAVTTDSWGKLQF,4
CAVVGGTSYGKLTF,4
CAVVKWKGSTF,4
CAVVNTGGFKTIF,4
CAVVSGGSYIPTF,4
CAVYGNKLVF,4
CAVYNAGNMLTF,4
CAVYTGNQFYF,4
CAYKGGSEKLVF,4
CAYQGGSEKLVF,4
CAYRDDKIIF,4
CAYRNTGNQFYF,4
CAYRSNFGNEKLTF,4
CCFSVILRDNLSGLF,4
CGADMEYGNKLVF,4
CGCEAPKSLTF,4
CGTPDYIAPELF,4
CIVRVGSGNTGKLIF,4
CLVGGDNQGGKLIF,4
CVGSCCF,4
CVVKAAGNKLTF,4
CVVNDRGSTLGRLYF,4
CVVNNAGNMLTF,4
CVVNRGGSYIPTF,4
CVVNSGYALNF,4
CVVNTGGFKTIF,4
CVVSAGREYGNKLVF,4
CVVSGGSNYKLTF,4
CVVTRNNNARLMF,4
CWGLPPAQPPHVPPCASSGF,4
CAAASGGSYIPTF,5
CAADRGSTLGRLYF,5
CAAFTGGGNKLTF,5
CAAGGSYIPTF,5
CAAGGTSYGKLTF,5
CAANQAGTALIF,5
CAANTGFQKLVF,5
CAARGSNYKLTF,5
CAARTGANNLFF,5
CAASDQAGTALIF,5
CAASGGSYIPTF,5
CAASIGNFGNEKLTF,5
CAASKGGQKLLF,5
CAASNAGNMLTF,5
CAASNNAGNMLTF,5
CAASRGYSTLTF,5
CAASSGGYQKVTF,5
CAASTGNQFYF,5
CAASTQGGSEKLVF,5
CAASYNQGGKLIF,5
CAATSGTYKYIF,5
CAAVNDYKLSF,5
CAENAGGTSYGKLTF,5
CAENSGYSTLTF,5
CAESETGANNLFF,5
CAESTSGGKLIF,5
CAFMGYNNNDMRF,5
CAFTGNQFYF,5
CAGGDRLQTGMRGAF,5
CAGGYQKVTF,5
CAGLSSNDYKLSF,5
CAGMDSSYKLIF,5
CAGNDYKLSF,5
CAGNNAGNMLTF,5
CAGRSNDYKLSF,5
CAGWPHSTPGHLDIKSTF,5
CAINTNAGKSTF,5
CALETGANNLFF,5
CALFSGGYNKLIF,5
CALLYNFNKFYF,5
CALMDSSYKLIF,5
CALNNQGGKLIF,5
CALNSGGYQKVTF,5
CALNTNAGKSTF,5
CALQACMDGFDFGNVDNCSKSF,5
CALRDGQKLLF,5
CALRDTGRRALTF,5
CALRGGATNKLIF,5
CALRTGGFKTIF,5
CALSGAGSYQLTF,5
CALSGGYNKLIF,5
CAMNSGGYQKVTF,5
CAMNTGFQKLVF,5
CAMSANDYKLSF,5
CAPDTGRRALTF,5
CASGTYKYIF,5
CASQGGSEKLVF,5
CAVAGGTSYGKLTF,5
CAVAPFSGGYNKLIF,5
CAVDGSSNTGKLIF,5
CAVDNNNDMRF,5
CAVFYNQGGKLIF,5
CAVGDYKLSF,5
CAVGGGSQGNLIF,5
CAVGGKLIF,5
CAVGSGGSYIPTF,5
CAVGSNDYKLSF,5
CAVGTGGGNKLTF,5
CAVISGSARQLTF,5
CAVISYNTDKLIF,5
CAVKTGANNLFF,5
CAVLDSSYKLIF,5
CAVLNDYKLSF,5
CAVLNYGGSQGNLIF,5
CAVLYGNNRLAF,5
CAVNAGGSYIPTF,5
CAVNNQAGTALIF,5
CAVNSNSGYALNF,5
CAVPSGGSYIPTF,5
CAVQAAGNKLTF,5
CAVQAGGSQGNLIF,5
CAVQGAQKLVF,5
CAVQGGKLIF,5
CAVRDNAGNMLTF,5
CAVRDSSASKIIF,5
CAVREGGGFKTIF,5
CAVREYGNKLVF,5
CAVRGFGNEKLTF,5
CAVRGGADGLTF,5
CAVRGGATNKLIF,5
CAVRGSARQLTF,5
CAVRGYGQNFVF,5
CAVRNNNARLMF,5
CAVRNYGQNFVF,5
CAVRSGGSNYKLTF,5
CAVRTGRRALTF,5
CAVSGAGSYQLTF,5
CAVSGGGADGLTF,5
CAVSKAAGNKLTF,5
CAVSNAGGTSYGKLTF,5
CAVSSGNTPLVF,5
CAVSSNDYKLSF,5
CAVSTGGGNKLTF,5
CAVTLSGGYNKLIF,5
CAVTNAGKSTF,5
CAVTNDYKLSF,5
CAVTPSGTYKYIF,5
CAVTSGGSYIPTF,5
CAVYGGSQGNLIF,5
CAVYSGGGADGLTF,5
CAYRSPLTGNQFYF,5
CGAEPTFSQLSF,5
CGIKYIIF,5
CGLGDYTF,5
CGNTPSF,5
CGSKRLVSHGLCLSFLF,5
CPVFRNELPAPRHLHSF,5
CQGSPKRWIF,5
CVGF,5
CVLFVF,5
CVVNDARLMF,5
CVVNTGFQKLVF,5
CVVNTGNQFYF,5
CAAGGSQGNLIF,6
CAAGGYQKVTF,6
CAALYNFNKFYF,6
CAAMDSSYKLIF,6
CAANAGGTSYGKLTF,6
CAANFGNEKLTF,6
CAANTGGFKTIF,6
CAASETSYDKVIF,6
CAASKAAGNKLTF,6
CAASNDYKLSF,6
CAASTSGTYKYIF,6
CAAYNFNKFYF,6
CACGNPPGTPLF,6
CAENNYGQNFVF,6
CAFMNRDDKIIF,6
CAFNTNAGKSTF,6
CAGDFGNEKLTF,6
CAGDTGRRALTF,6
CAGGGSQGNLIF,6
CAGNNNARLMF,6
CAGRDNYGQNFVF,6
CAGTSGTYKYIF,6
CAIEGGGNKLTF,6
CALAGGTSYGKLTF,6
CALKTSYDKVIF,6
CALRDDKIIF,6
CALRTGNQFYF,6
CALSDNYGQNFVF,6
CALSEETSGSRLTF,6
CALSGNNAGNMLTF,6
CALSNFGNEKLTF,6
CALSNQAGTALIF,6
CALSSSGSARQLTF,6
CALTGGGNKLTF,6
CARNTGNQFYF,6
CATDTGRRALTF,6
CAVADRLQTGMRGAF,6
CAVASGGSYIPTF,6
CAVDNAGNMLTF,6
CAVDQAGTALIF,6
CAVDSGGGADGLTF,6
CAVEAAGNKLTF,6
CAVEDNTDKLIF,6
CAVEETSGSRLTF,6
CAVETSGSRLTF,6
CAVFTGGGNKLTF,6
CAVGAGNNDMRF,6
CAVGARGGSYIPTF,6
CAVGGATNKLIF,6
CAVGGSNYKLTF,6
CAVGLGTF,6
CAVKDDYKLSF,6
CAVKGGSEKLVF,6
CAVLKAAGNKLTF,6
CAVLNTGGFKTIF,6
CAVLTGGGNKLTF,6
CAVMEYGNKLVF,6
CAVNAGGTSYGKLTF,6
CAVNNNARLMF,6
CAVNNNNDMRF,6
CAVPTGANNLFF,6
CAVRDNTDKLIF,6
CAVRDRDDKIIF,6
CAVRDTNAGKSTF,6
CAVRNDYKLSF,6
CAVRNNAGNMLTF,6
CAVRSNDYKLSF,6
CAVRSSGGSYIPTF,6
CAVRSYNTDKLIF,6
CAVRYGNNRLAF,6
CAVRYSGGGADGLTF,6
CAVSDTGNQFYF,6
CAVSGGYNKLIF,6
CAVSNSGYALNF,6
CAVTGAGSYQLTF,6
CAVYNQGGKLIF,6
CAVYSGGYQKVTF,6
CAVYSSASKIIF,6
CSSGASVFLECRLGQQRFF,6
CVVRSGGYNKLIF,6
CWGHPPAPSFQGPPCASSGF,6
CAALTGGGNKLTF,7
CAANSGGGADGLTF,7
CAASGGSNYKLTF,7
CAASITGNQFYF,7
CAASNTGTASKLTF,7
CAASSGTYKYIF,7
CAATGGGNKLTF,7
CAAYTGGFKTIF,7
CAENSGGSNYKLTF,7
CAGNQAGTALIF,7
CALASGGSYIPTF,7
CALRNNNARLMF,7
CALSGSARQLTF,7
CALSGSSNTGKLIF,7
CALYNFNKFYF,7
CAMRRPSGGYNKLIF,7
CAVDTGGFKTIF,7
CAVGGGADGLTF,7
CAVGGYQKVTF,7
CAVIKAAGNKLTF,7
CAVLNQAGTALIF,7
CAVNGGSQGNLIF,7
CAVNNFNKFYF,7
CAVRDSGGYQKVTF,7
CAVRDTGGFKTIF,7
CAVRGSQGNLIF,7
CAVRSGGSYIPTF,7
CAVSGSARQLTF,7
CAVSSNTGKLIF,7
CAVSVGGGKLIF,7
CAVSYSSASKIIF,7
CAVTDSSYKLIF,7
CAVTGANSKLTF,7
CAVTGFQKLVF,7
CAVTGNQFYF,7
CAVTGSARQLTF,7
CAVTGTASKLTF,7
CAVTPGGGKLIF,7
CAVYNNNDMRF,7
CAYRSAGTGNQFYF,7
CVVSDRNFNKFYF,7
CWGVPTAQPPHVPPCASSGF,7
CAANSGGYQKVTF,8
CAANTGNQFYF,8
CAASNFGNEKLTF,8
CAENNAGNMLTF,8
CALDTGRRALTF,8
CALNNAGNMLTF,8
CALNQAGTALIF,8
CALSGGSNYKLTF,8
CALSSGSARQLTF,8
CAVDSSYKLIF,8
CAVFSGGYNKLIF,8
CAVGARAAGNKLTF,8
CAVGDNFNKFYF,8
CAVKETSGSRLTF,8
CAVNKAAGNKLTF,8
CAVNSGGSNYKLTF,8
CAVNSGGYQKVTF,8
CAVNSGNTPLVF,8
CAVNSGYSTLTF,8
CAVQGGSEKLVF,8
CAVRDRDYKLSF,8
CAVRDTGRRALTF,8
CAVSDTGGFKTIF,8
CAVSGGSNYKLTF,8
CAVSGGSYIPTF,8
CAVSNTGGFKTIF,8
CAVSTDSWGKLQF,8
CAVTDSWGKLQF,8
CAVTGGGNKLTF,8
CAVYNTDKLIF,8
CVVNDYKLSF,8
CAAYSGAGSYQLTF,9
CAEDNNARLMF,9
CAPNTGNQFYF,9
CAVNTDKLIF,9
CAVTSGTYKYIF,9
CVVNRDDKIIF,9
CWGGPPAQPPHVPPCASSGF,9
CAANNAGNMLTF,10
CAEDDSVFSFAF,10
CAENTGGFKTIF,10
CALKAAGNKLTF,10
CALNDYKLSF,10
CAVGGSQGNLIF,10
CAVNRDDKIIF,10
CAVNTNAGKSTF,10
CKSLLSIHEALNFFF,10
CAASKGGSYIPTF,11
CAGGTSYGKLTF,11
CAVDTGRRALTF,11
CAVEYGNKLVF,11
CAVKAAGNKLTF,11
CAVKCIELYF,11
CAVNNARLMF,11
CAVNTGTASKLTF,11
CAVPNQAGTALIF,11
CAVRDGQKLLF,11
CAVRMDSSYKLIF,11
CAVSNDYKLSF,11
CAVNNAGNMLTF,12
CAVRDRGSTLGRLYF,12
CSLASGFIF,12
CVVNQAGTALIF,12
CALNTGGFKTIF,13
CAVDNYGQNFVF,13
CAVNYGGSQGNLIF,13
CAVYNFNKFYF,13
CVVNTNAGKSTF,13
CAVKDTDKLIF,14
CAVNQAGTALIF,14
CAVNTGFQKLVF,14
CAVNTGGFKTIF,15
CAVRDDKIIF,15
CVVGITMIDLYPRDLWNFVF,15
CVVAYGVSETIF,17
CAVNDYKLSF,19
CAVNTGNQFYF,19
CAVRDGDYKLSF,19
CWQRAFFSCFLNFHSNLTF,21
CAICQALHHGELRIRNF,26
CVVSDRGSTLGRLYF,26
CWGHPPAQPPHVPPCASSGF,31
CVVGITMIDLYPRDSWNFVF,32
CIFNHIFNIIF,34
CANSLWTARKHDF,43
CEARNVF,43
CAVDPVSVTEQMGTGLKMSAYF,45
CAFLMLFFLLRLLF,49
CSRYYRAPELIF,52
CAVRDLPLDYLNF,55
CWGVPPAQPPHVPPCASSGF,55
CAVMDSSYKLIF,63
CFSVF,72
CAGADRLQTGMRGAF,90
