CAIGADTQYF,2
CAIMHDYGYTF,2
CAIREDSLVASGYTF,2
CAISDGGNTEAFF,2
CAISDNRNYGYTF,2
CAISEGRNSNQPQHF,2
CAISESGADTQYF,2
CAISESGDRADTEAFF,2
CAISESGRSTDTQYF,2
CAISESGTGGSPLHF,2
CAISESTDTDTQYF,2
CAISESYEQYF,2
CAISEYDRSQETQYF,2
CAISGGQGSYEQYF,2
CAISPGQDTDTQYF,2
CAKAGGRKTILYF,2
CAKPCAGGCF,2
CALIRQSSYNEQFF,2
CALLLLYNDPFF,2
CASAAGGNTEAFF,2
CASAGTGSTDTQYF,2
CASARGGYTEAFF,2
CASEGDTQYF,2
CASGAYEQYF,2
CASGDSPLHF,2
CASGGLSSYNEQFF,2
CASGKGEGYEQYF,2
CASGPGGDEQFF,2
CASGPSYEQYF,2
CASGQGAYEQYF,2
CASGQGYGYTF,2
CASGSETQYF,2
CASGSGGTITEAFF,2
CASGSPAQHF,2
CASGTGNSPLHF,2
CASGTSGSYNEQFF,2
CASIGGNTEAFF,2
CASIGSNQPQHF,2
CASIPSGANTGELFF,2
CASKGFGNQPQHF,2
CASKGGSSYNEQFF,2
CASKRGSTDTQYF,2
CASKSGGPYEQYF,2
CASLPSGQETQYF,2
CASNLAGGPNEQFF,2
CASNLAGSWGDTQYF,2
CASNLQGKGSPLHF,2
CASNPRGSSYEQYF,2
CASNQGGEQYF,2
CASNQGRTGELFF,2
CASNRGDTEAFF,2
CASNRLNTQYF,2
CASQDRLNTEAFF,2
CASQQGSSYNEQFF,2
CASQYRGNQPQHF,2
CASRAEAYEQYF,2
CASRAQGGNTEAFF,2
CASRDFYEQYF,2
CASRDNSGNTIYF,2
CASRDREETQYF,2
CASRDRGSYEQYF,2
CASRDRNTEAFF,2
CASRDRTYEQYF,2
CASRDSLSYEQYF,2
CASREGDTQYF,2
CASREGGQETQYF,2
CASREGRNEQFF,2
CASRENTGELFF,2
CASRGAGSYEQYF,2
CASRGDTEAFF,2
CASRGDTQYF,2
CASRGGEETQYF,2
CASRGGNQPQHF,2
CASRGGQGSYNEQFF,2
CASRGIEQYF,2
CASRGLASTDTQYF,2
CASRGPDTQYF,2
CASRGQGNSPLHF,2
CASRGQGVEKLFF,2
CASRGQSYEQYF,2
CASRGRPEAFF,2
CASRGSMNTEAFF,2
CASRGSYNEQFF,2
CASRGTGNTEAFF,2
CASRGTGSYNEQFF,2
CASRISTDTQYF,2
CASRISYEQYF,2
CASRLAGETQYF,2
CASRLAGTDTQYF,2
CASRLDLNTEAFF,2
CASRLGYNEQFF,2
CASRLRDSYEQYF,2
CASRLTDTQYF,2
CASRLTGGNTEAFF,2
CASRLYNEQFF,2
CASRMNTEAFF,2
CASRNTEAFF,2
CASRPAGMNTEAFF,2
CASRPGHSSYEQYF,2
CASRPGNTEAFF,2
CASRPLAGGYNEQFF,2
CASRPPGEDTQYF,2
CASRPPGFFPQYF,2
CASRPSGGTGELFF,2
CASRPTSGGANEQFF,2
CASRQGENTEAFF,2
CASRQGRNQPQHF,2
CASRQRDSYEQYF,2
CASRQSGNTIYF,2
CASRRDSQETQYF,2
CASRRGETQYF,2
CASRRGNTEAFF,2
CASRRGTEAFF,2
CASRRSTDTQYF,2
CASRRTGGSPLHF,2
CASRRTGNTEAFF,2
CASRRTSGTDTQYF,2
CASRSGGSTDTQYF,2
CASRSSGANVLTF,2
CASRSSPNTGELFF,2
CASRSSTDTQYF,2
CASRSSYNSPLHF,2
CASRSTDTQYF,2
CASRTGASNEQFF,2
CASRTGGQETQYF,2
CASRTGTSTDTQYF,2
CASRTGYNEQFF,2
CASRTQETQYF,2
CASRTSANEQFF,2
CASRTSGTYEQYF,2
CASRTTGELFF,2
CASRTTGGTEAFF,2
CASRVGQKNTEAFF,2
CASRVGTDTQYF,2
CASRVSTDTQYF,2
CASRWGENTEAFF,2
CASRYGNTEAFF,2
CASSADLNTEAFF,2
CASSADNYEQYF,2
CASSADRELFF,2
CASSADSGANVLTF,2
CASSADSGGPDTQYF,2
CASSADSYSGNTIYF,2
CASSAENTGELFF,2
CASSAGDYGYTF,2
CASSAGGNSPLHF,2
CASSAGMNTEAFF,2
CASSAGNNYGYTF,2
CASSAGQGRTDTQYF,2
CASSAGQGTGELFF,2
CASSAGQLNTEAFF,2
CASSAGQNYGYTF,2
CASSAGQQETQYF,2
CASSAGQTNTEAFF,2
CASSAGRTSYEQYF,2
CASSAGSYNEQFF,2
CASSAGTGGYNEQFF,2
CASSAGTGIYEQYF,2
CASSAGTGTDTQYF,2
CASSAGYEQYF,2
CASSALAGGPYNEQFF,2
CASSAPGAGTEAFF,2
CASSAPGLNTEAFF,2
CASSAPGRSTEAFF,2
CASSAPGTETQETQYF,2
CASSAQGGNSPLHF,2
CASSAQGTDTQYF,2
CASSAQNTGELFF,2
CASSARTDTQYF,2
CASSARTGELFF,2
CASSASGGAYNEQFF,2
CASSASGSTDTQYF,2
CASSASYEQYF,2
CASSASYNEQFF,2
CASSATDNEQFF,2
CASSATGGYEQYF,2
CASSATPGREAFF,2
CASSDDIYEQYF,2
CASSDGMNTEAFF,2
CASSDGYEQYF,2
CASSDLGYEQYF,2
CASSDNEQFF,2
CASSDNSGANVLTF,2
CASSDNYGYTF,2
CASSDPDGRAYNEQFF,2
CASSDPGEETQYF,2
CASSDPGGSNEQFF,2
CASSDQNQPQHF,2
CASSDRGLGTEAFF,2
CASSDRGLYGYTF,2
CASSDRGSYGYTF,2
CASSDRLAGYNEQFF,2
CASSDRNQPQHF,2
CASSDRQGSNQPQHF,2
CASSDRTGGTDTQYF,2
CASSDSAGGNEQFF,2
CASSDSGANVLTF,2
CASSDSGYNEQFF,2
CASSDSQGADTQYF,2
CASSDSSGANVLTF,2
CASSDSSGSYNEQFF,2
CASSDSSGTDTQYF,2
CASSDSTSGGNEQFF,2
CASSDSTSGSNEQFF,2
CASSDSTSGTDTQYF,2
CASSDSYGYTF,2
CASSDSYNEQFF,2
CASSDSYTGELFF,2
CASSDTGELFF,2
CASSDTGQALYGYTF,2
CASSDWGNTEAFF,2
CASSDYAGETDTQYF,2
CASSEAGGIYNEQFF,2
CASSEAGSGEKLFF,2
CASSEASGGADTQYF,2
CASSEAYEQYF,2
CASSEDRGYGYTF,2
CASSEDSSYNEQFF,2
CASSEESDTGELFF,2
CASSEGAGGPYEQYF,2
CASSEGDTEAFF,2
CASSEGDYGYTF,2
CASSEGLAGETQYF,2
CASSEGLAGGDEQFF,2
CASSEGLTREQFF,2
CASSEGNEQFF,2
CASSEGQAYEQYF,2
CASSEGQGARGYTF,2
CASSEGQGTEAFF,2
CASSEGQPQHF,2
CASSEGTDTQYF,2
CASSEGTGDEQYF,2
CASSEGTGGNQPQHF,2
CASSEGTGNQPQHF,2
CASSEGYEQYF,2
CASSEIENTEAFF,2
CASSELAGGQETQYF,2
CASSELAGGYNEQFF,2
CASSELAKNIQYF,2
CASSENNYGYTF,2
CASSEQENTEAFF,2
CASSEQGYTEAFF,2
CASSEQKNTEAFF,2
CASSERGHQETQYF,2
CASSESFDSSYNSPLHF,2
CASSESFSNQPQHF,2
CASSESGLYEQYF,2
CASSESLNTEAFF,2
CASSESSSTDTQYF,2
CASSESTQDNSPLHF,2
CASSESYEQYF,2
CASSETGETQYF,2
CASSETGLAGADTQYF,2
CASSETGSYGYTF,2
CASSETVNTEAFF,2
CASSEVSGGTSSYNEQFF,2
CASSEVYEQYF,2
CASSEYTSVYGYTF,2
CASSFAGANVLTF,2
CASSFAGELFF,2
CASSFAGGSTDTQYF,2
CASSFAGNTIYF,2
CASSFAKQGAWKTQYF,2
CASSFDRAGELFF,2
CASSFDRGNEKLFF,2
CASSFDRNTEAFF,2
CASSFDSSYNSPLHF,2
CASSFDSYEQYF,2
CASSFDSYNSPLHF,2
CASSFEGETQYF,2
CASSFEGTEAFF,2
CASSFERGHYEQYF,2
CASSFFQGYEQYF,2
CASSFGADNQPQHF,2
CASSFGANTEAFF,2
CASSFGDSYEQYF,2
CASSFGGATYNEQFF,2
CASSFGGAYEQYF,2
CASSFGGDGYTF,2
CASSFGGEQYF,2
CASSFGGGNQPQHF,2
CASSFGGMNTEAFF,2
CASSFGGPSYEQYF,2
CASSFGGPYEQYF,2
CASSFGGRETQYF,2
CASSFGGSYNEQFF,2
CASSFGGTDTQYF,2
CASSFGGTEAFF,2
CASSFGGTTEAFF,2
CASSFGLAEYNEQFF,2
CASSFGNEQFF,2
CASSFGPLTDTQYF,2
CASSFGPRGSTDTQYF,2
CASSFGPSYEQYF,2
CASSFGQETQYF,2
CASSFGQGNEQYF,2
CASSFGQGNSPLHF,2
CASSFGQGSYEQYF,2
CASSFGQGTDTQYF,2
CASSFGQQNSPLHF,2
CASSFGQSYEQYF,2
CASSFGRDTQYF,2
CASSFGRGEQFF,2
CASSFGRGNSPLHF,2
CASSFGSNQPQHF,2
CASSFGSSGANVLTF,2
CASSFGSSYNEQFF,2
CASSFGSYNEQFF,2
CASSFGTDTQYF,2
CASSFGTEAFF,2
CASSFGTEQFF,2
CASSFGTGDYEQYF,2
CASSFGTGGNQPQHF,2
CASSFGTGNEQFF,2
CASSFGTGSYEQYF,2
CASSFGTISGNTIYF,2
CASSFGTYEQYF,2
CASSFGVNTEAFF,2
CASSFINTEAFF,2
CASSFISRLSTDTQYF,2
CASSFKETQYF,2
CASSFKGADTQYF,2
CASSFLAANTEAFF,2
CASSFLAGAYNEQFF,2
CASSFLAGDNEQFF,2
CASSFLAGGLNEQFF,2
CASSFLANTGELFF,2
CASSFLDRSYEQYF,2
CASSFLGDEQYF,2
CASSFLGEGGYTF,2
CASSFLGQETQYF,2
CASSFLNSPLHF,2
CASSFLQGTDTQYF,2
CASSFLSGTDTQYF,2
CASSFLSSDTQYF,2
CASSFLTDTQYF,2
CASSFPCEQYF,2
CASSFPGNEQYF,2
CASSFPGNTEAFF,2
CASSFPTDTQYF,2
CASSFQGNQPQHF,2
CASSFQGNTEAFF,2
CASSFRADTQYF,2
CASSFRDNEQFF,2
CASSFRDNQPQHF,2
CASSFRDQPQHF,2
CASSFRDTEAFF,2
CASSFREEKLFF,2
CASSFRETQYF,2
CASSFRGGEKLFF,2
CASSFRGTEAFF,2
CASSFRGTGELFF,2
CASSFRLSYEQYF,2
CASSFRQETQYF,2
CASSFRQGNTEAFF,2
CASSFRSTDTQYF,2
CASSFRSTGELFF,2
CASSFSDEQFF,2
CASSFSENTEAFF,2
CASSFSGAGTEAFF,2
CASSFSGELFF,2
CASSFSGGNTEAFF,2
CASSFSGNQPQHF,2
CASSFSGNTEAFF,2
CASSFSGNTGELFF,2
CASSFSGSGTDTQYF,2
CASSFSGSSYEQYF,2
CASSFSGTDTQYF,2
CASSFSGYNEQFF,2
CASSFSIWLFKPAVPNLF,2
CASSFSNEKLFF,2
CASSFSPGELFF,2
CASSFSPNTEAFF,2
CASSFSPSMNTEAFF,2
CASSFSRGEQFF,2
CASSFSSYEQYF,2
CASSFSTGNTEAFF,2
CASSFSVNTEAFF,2
CASSFSYNEQFF,2
CASSFTENTEAFF,2
CASSFTGDYEQYF,2
CASSFTGFKGHLGNNEQFF,2
CASSFTGTGARNEQFF,2
CASSFTSGGTGELFF,2
CASSFTSGNTIYF,2
CASSFTTDTQYF,2
CASSFTTNEKLFF,2
CASSFVQGTDTQYF,2
CASSFWDSDNYGYTF,2
CASSFWGAPQETQYF,2
CASSFWGGSKETQYF,2
CASSFWGNEQFF,2
CASSFWRLGANTEAFF,2
CASSFYDRAGELFF,2
CASSFYEQYF,2
CASSFYTDTQYF,2
CASSGAGANVLTF,2
CASSGAGSYEQYF,2
CASSGDFTDTQYF,2
CASSGDRGYGYTF,2
CASSGDTDTQYF,2
CASSGFTDTQYF,2
CASSGFYEQYF,2
CASSGGGGSSYNEQFF,2
CASSGGGNSYEQYF,2
CASSGGGTDTQYF,2
CASSGGGTEAFF,2
CASSGGMNTEAFF,2
CASSGGNTEAFF,2
CASSGGNYGYTF,2
CASSGGTEAFF,2
CASSGGYGYTF,2
CASSGLAGGADTQYF,2
CASSGLAGGSYEQYF,2
CASSGLNQPQHF,2
CASSGMNTEAFF,2
CASSGPKETQYF,2
CASSGPVTGELFF,2
CASSGQETQYF,2
CASSGQGTYEQYF,2
CASSGQGYEQYF,2
CASSGQNNEQFF,2
CASSGRSTGELFF,2
CASSGSGGSYNEQFF,2
CASSGSGNTIYF,2
CASSGSTDTQYF,2
CASSGSYEQYF,2
CASSGTGEETQYF,2
CASSGTGGEQYF,2
CASSGTGGLEEKLFF,2
CASSGTGNQPQHF,2
CASSGTGNTEAFF,2
CASSGTGSGELFF,2
CASSGTNEQFF,2
CASSGTSGGYEQYF,2
CASSGTTSYNEQFF,2
CASSGVNEQFF,2
CASSGYNEQFF,2
CASSHGDLNTGELFF,2
CASSHGTNEQYF,2
CASSHLGGEQYF,2
CASSHLYEQYF,2
CASSHNTGELFF,2
CASSHRDSNQPQHF,2
CASSHRMVTGETEQFF,2
CASSHRTENTEAFF,2
CASSHRTGGTEAFF,2
CASSHSNQPQHF,2
CASSHSTDTQYF,2
CASSHTGELFF,2
CASSHTSGSSYEQYF,2
CASSHWGPGYYEQYF,2
CASSHYNEQFF,2
CASSIAGSSYNEQFF,2
CASSIAPVGNQPQHF,2
CASSIDRLNEKLFF,2
CASSIGGATEAFF,2
CASSIGGGSYNEQFF,2
CASSIGGSSYNEQFF,2
CASSIGGYEQYF,2
CASSIGPGDGELFF,2
CASSIGPLEHNEQFF,2
CASSIGRNTEAFF,2
CASSIGRRGNQPQHF,2
CASSIGTEAFF,2
CASSIGTSGNTIYF,2
CASSIGWGSSYNEQFF,2
CASSIGYTEAFF,2
CASSILQGDQPQHF,2
CASSIPTGTEAFF,2
CASSIPYNEQFF,2
CASSIQENYGYTF,2
CASSIQGATGELFF,2
CASSIQGDQPQHF,2
CASSIQGGNQPQHF,2
CASSIQKNQPQHF,2
CASSIRDQPQHF,2
CASSIRSTDTQYF,2
CASSISGENEQFF,2
CASSISGGQETQYF,2
CASSISLAVYNEQFF,2
CASSISNQPQHF,2
CASSISQETQYF,2
CASSISTDTQYF,2
CASSITMNTEAFF,2
CASSITSGDYNEQFF,2
CASSITSGPYNEQFF,2
CASSIVGGASTDTQYF,2
CASSIVTGPYNEQFF,2
CASSKGGETEQYF,2
CASSKGSNQPQHF,2
CASSKLAGQETQYF,2
CASSKLGNEQFF,2
CASSKNTGELFF,2
CASSKSGTVNTEAFF,2
CASSKTGIGYTF,2
CASSKTSGSYNEQFF,2
CASSLAAGANEQFF,2
CASSLAAGENYGYTF,2
CASSLAAGGYNEQFF,2
CASSLAAMNTEAFF,2
CASSLAASTDTQYF,2
CASSLADEQFF,2
CASSLADGEAQYF,2
CASSLAENTEAFF,2
CASSLAGAEQYF,2
CASSLAGAGETQYF,2
CASSLAGAGVDYTF,2
CASSLAGANVLTF,2
CASSLAGAPDTQYF,2
CASSLAGASEQFF,2
CASSLAGASTDTQYF,2
CASSLAGDQPQHF,2
CASSLAGEQFF,2
CASSLAGERTDTQYF,2
CASSLAGGAYEQYF,2
CASSLAGGAYNEQFF,2
CASSLAGGDTQYF,2
CASSLAGGDWETQYF,2
CASSLAGGEQYF,2
CASSLAGGGADTQYF,2
CASSLAGGLDTQYF,2
CASSLAGGNEKLFF,2
CASSLAGGNEQFF,2
CASSLAGGNIQYF,2
CASSLAGGNYGYTF,2
CASSLAGGPDTQYF,2
CASSLAGGPEDTQYF,2
CASSLAGGPNEQFF,2
CASSLAGGPTDTQYF,2
CASSLAGGREQYF,2
CASSLAGGRNEQFF,2
CASSLAGGRSYEQYF,2
CASSLAGGRSYNEQFF,2
CASSLAGGSTDTQYF,2
CASSLAGGSYNEQFF,2
CASSLAGGTYNEQFF,2
CASSLAGGYEQYF,2
CASSLAGLLADTQYF,2
CASSLAGLNTEAFF,2
CASSLAGNEQFF,2
CASSLAGNGYTF,2
CASSLAGNSPLHF,2
CASSLAGNTGELFF,2
CASSLAGNYEQYF,2
CASSLAGQGADTQYF,2
CASSLAGQNTGELFF,2
CASSLAGQTYEQYF,2
CASSLAGRDRGYTF,2
CASSLAGRETQYF,2
CASSLAGRSTDTQYF,2
CASSLAGSQETQYF,2
CASSLAGSYNEQFF,2
CASSLAGTDGYTF,2
CASSLAGTGAFF,2
CASSLAGVETQYF,2
CASSLAGVGDTQYF,2
CASSLAGVNTEAFF,2
CASSLAGVYEQYF,2
CASSLAGVYGYTF,2
CASSLAGYNQPQHF,2
CASSLAGYTDTQYF,2
CASSLAHTDTQYF,2
CASSLAINEQFF,2
CASSLALAGADTQYF,2
CASSLALDSYNEQFF,2
CASSLALNTEAFF,2
CASSLALRGGYTF,2
CASSLALTEAFF,2
CASSLAMNTGELFF,2
CASSLANTDTQYF,2
CASSLANTGELFF,2
CASSLAPGGETQYF,2
CASSLAPGLYEQYF,2
CASSLAPGNTEAFF,2
CASSLAPNTGELFF,2
CASSLAPSTDTQYF,2
CASSLARGPYEQYF,2
CASSLARGQETQYF,2
CASSLARQETQYF,2
CASSLARSGEQYF,2
CASSLASAGVEQYF,2
CASSLASDNEQFF,2
CASSLASDTQYF,2
CASSLASDYEQYF,2
CASSLASGGDEQFF,2
CASSLASGITDTQYF,2
CASSLASGSNEQFF,2
CASSLASGSTDTQYF,2
CASSLASNQPQHF,2
CASSLASSYNEQFF,2
CASSLASTEAFF,2
CASSLATGELFF,2
CASSLATGNYGYTF,2
CASSLATGPWMDQPQHF,2
CASSLATYGYTF,2
CASSLAVNTEAFF,2
CASSLAVSSYEQYF,2
CASSLAWDSNQPQHF,2
CASSLDAGELFF,2
CASSLDDNEQFF,2
CASSLDDTQYF,2
CASSLDFYNEQFF,2
CASSLDGAGNQPQHF,2
CASSLDGEKLFF,2
CASSLDGGSYEQYF,2
CASSLDGMNTEAFF,2
CASSLDGNSPLHF,2
CASSLDGNTGELFF,2
CASSLDGNYGYTF,2
CASSLDGSGANVLTF,2
CASSLDGSNQPQHF,2
CASSLDGVEAFF,2
CASSLDHEQYF,2
CASSLDHYNEQFF,2
CASSLDKNTEAFF,2
CASSLDLGETQYF,2
CASSLDLGMNTEAFF,2
CASSLDLYNEQFF,2
CASSLDNQPQHF,2
CASSLDNSPLHF,2
CASSLDNYGYTF,2
CASSLDPGAYEQYF,2
CASSLDPGSNQPQHF,2
CASSLDPSGTEAFF,2
CASSLDQDEQYF,2
CASSLDRAGERHF,2
CASSLDRDQPQHF,2
CASSLDREETQYF,2
CASSLDRGGNQPQHF,2
CASSLDRGNEKLFF,2
CASSLDRGNSPLHF,2
CASSLDRGNTEAFF,2
CASSLDRGVYEQYF,2
CASSLDRLNEQFF,2
CASSLDRMNTEAFF,2
CASSLDRSSGNTIYF,2
CASSLDRSTDTQYF,2
CASSLDRVGANVLTF,2
CASSLDRVNTEAFF,2
CASSLDRVTEAFF,2
CASSLDRYNEQFF,2
CASSLDSGGTDTQYF,2
CASSLDSGNTIYF,2
CASSLDSLNTEAFF,2
CASSLDSNQPQHF,2
CASSLDSNSYEQYF,2
CASSLDSQETQYF,2
CASSLDSSSYNEQFF,2
CASSLDSSYEQYF,2
CASSLDTEGYGYTF,2
CASSLDTQYF,2
CASSLDTSYNEQFF,2
CASSLDTYEQYF,2
CASSLDTYNEQFF,2
CASSLDVNYEQYF,2
CASSLDVNYGYTF,2
CASSLDVYNEQFF,2
CASSLDWGTEAFF,2
CASSLDYNEQFF,2
CASSLDYTDTQYF,2
CASSLDYYSNQPQHF,2
CASSLEAGNTGELFF,2
CASSLEAGSYNEQFF,2
CASSLEDSYNEQFF,2
CASSLEDTQYF,2
CASSLEDYGYTF,2
CASSLEEGNTEAFF,2
CASSLEGADNQPQHF,2
CASSLEGAYEQYF,2
CASSLEGDKPQHF,2
CASSLEGDSPLHF,2
CASSLEGDTQYF,2
CASSLEGFTEAFF,2
CASSLEGGGQPQHF,2
CASSLEGGGYEQYF,2
CASSLEGGSPLHF,2
CASSLEGGYEQYF,2
CASSLEGLNEKLFF,2
CASSLEGLNTEAFF,2
CASSLEGNEQFF,2
CASSLEGNTGELFF,2
CASSLEGQPQHF,2
CASSLEGSGANVLTF,2
CASSLEGSGRTYEQYF,2
CASSLEGTGNTIYF,2
CASSLEGTYNEQFF,2
CASSLEGVGELFF,2
CASSLEGYNEQFF,2
CASSLEIGELFF,2
CASSLENTEAFF,2
CASSLENYGYTF,2
CASSLEQETQYF,2
CASSLEQGIDNEQFF,2
CASSLEQGSYEQYF,2
CASSLEQNTEAFF,2
CASSLERATEAFF,2
CASSLERETQYF,2
CASSLERNTEAFF,2
CASSLERSGGYEQYF,2
CASSLERSTDTQYF,2
CASSLESNTGELFF,2
CASSLESYEQYF,2
CASSLETGAYNEQFF,2
CASSLEVGRTNEQFF,2
CASSLEVYEQYF,2
CASSLEWTNEKLFF,2
CASSLEYNEQFF,2
CASSLEYTEAFF,2
CASSLFANTGELFF,2
CASSLFLNQPQHF,2
CASSLFWLAARNEQFF,2
CASSLFWTDTQYF,2
CASSLGAANYGYTF,2
CASSLGAAPYEQYF,2
CASSLGADTQYF,2
CASSLGAEAFF,2
CASSLGAGEQFF,2
CASSLGAGGTDTQYF,2
CASSLGAGGTEAFF,2
CASSLGAGLDTQYF,2
CASSLGAGTYEQYF,2
CASSLGANTGELFF,2
CASSLGASGANVLTF,2
CASSLGASGYNEQFF,2
CASSLGASNTEAFF,2
CASSLGASSTDTQYF,2
CASSLGAYNEQFF,2
CASSLGAYNSPLHF,2
CASSLGDEKLFF,2
CASSLGDEQYF,2
CASSLGDNEQFF,2
CASSLGDREAFF,2
CASSLGDRGAKNIQYF,2
CASSLGDRPDTQYF,2
CASSLGDTGELFF,2
CASSLGEGNSPLHF,2
CASSLGEQFF,2
CASSLGEYNEQFF,2
CASSLGFEQFF,2
CASSLGGAEQFF,2
CASSLGGAGNTIYF,2
CASSLGGAGTGELFF,2
CASSLGGANYGYTF,2
CASSLGGASSYEQYF,2
CASSLGGDRTDTQYF,2
CASSLGGDSNQPQHF,2
CASSLGGDTQYF,2
CASSLGGDYNEQFF,2
CASSLGGEKLFF,2
CASSLGGELFF,2
CASSLGGFSTDTQYF,2
CASSLGGGASTDTQYF,2
CASSLGGGAYEQYF,2
CASSLGGGDGYTF,2
CASSLGGGETQYF,2
CASSLGGGGYEQYF,2
CASSLGGGIDTQYF,2
CASSLGGGNEQFF,2
CASSLGGGNNEQFF,2
CASSLGGGNQPQHF,2
CASSLGGGNTIYF,2
CASSLGGGPQETQYF,2
CASSLGGGPTGELFF,2
CASSLGGGYEQYF,2
CASSLGGIDTQYF,2
CASSLGGISYEQYF,2
CASSLGGIYGYTF,2
CASSLGGLDQPQHF,2
CASSLGGLTEAFF,2
CASSLGGLYNEQFF,2
CASSLGGNTGELFF,2
CASSLGGPADTQYF,2
CASSLGGPYEQYF,2
CASSLGGPYNEQFF,2
CASSLGGQNYGYTF,2
CASSLGGRAYEQYF,2
CASSLGGRTDTQYF,2
CASSLGGRTGELFF,2
CASSLGGSDTQYF,2
CASSLGGSGIYEQYF,2
CASSLGGSGNTIYF,2
CASSLGGSQETQYF,2
CASSLGGSTEAFF,2
CASSLGGTAYGYTF,2
CASSLGGTGELFF,2
CASSLGGTGGNEQFF,2
CASSLGGTGSHQPQHF,2
CASSLGGVSGNTIYF,2
CASSLGGWETQYF,2
CASSLGGYNEQFF,2
CASSLGGYTGELFF,2
CASSLGHEQYF,2
CASSLGHSGANVLTF,2
CASSLGHSYEQYF,2
CASSLGIEQFF,2
CASSLGIGYEQYF,2
CASSLGIHYEQYF,2
CASSLGINQPQHF,2
CASSLGLAADTQYF,2
CASSLGLADSYEQYF,2
CASSLGLAEYNEQFF,2
CASSLGLAGGETQYF,2
CASSLGLAGGTDTQYF,2
CASSLGLAGNNEQFF,2
CASSLGLAGTDTQYF,2
CASSLGLANEQFF,2
CASSLGLASYNEQFF,2
CASSLGLAYEQYF,2
CASSLGLGADTQYF,2
CASSLGLGGYEQYF,2
CASSLGLGTDTQYF,2
CASSLGLKETQYF,2
CASSLGLKGTQYF,2
CASSLGLNEQFF,2
CASSLGLNQPQHF,2
CASSLGLNTGELFF,2
CASSLGLQETQYF,2
CASSLGLSYEQYF,2
CASSLGLTEAFF,2
CASSLGLTNTEAFF,2
CASSLGLYNEQFF,2
CASSLGNNSPLHF,2
CASSLGNSPLHF,2
CASSLGNTIYF,2
CASSLGPEQFF,2
CASSLGPGGELFF,2
CASSLGPGYTF,2
CASSLGPKETQYF,2
CASSLGPLSYNEQFF,2
CASSLGPNNEQFF,2
CASSLGPNQPQHF,2
CASSLGPNTGELFF,2
CASSLGPSAAEQYF,2
CASSLGPSNTEAFF,2
CASSLGPYTEAFF,2
CASSLGQAGNTIYF,2
CASSLGQETQYF,2
CASSLGQGAGELFF,2
CASSLGQGANEQFF,2
CASSLGQGDEKLFF,2
CASSLGQGDTEAFF,2
CASSLGQGDYGYTF,2
CASSLGQGGTEAFF,2
CASSLGQGGYGYTF,2
CASSLGQGLAKNIQYF,2
CASSLGQGLGNQPQHF,2
CASSLGQGNEQYF,2
CASSLGQGNNEQFF,2
CASSLGQGNQPQHF,2
CASSLGQGQETQYF,2
CASSLGQGRNYGYTF,2
CASSLGQGRTEAFF,2
CASSLGQGSDTQYF,2
CASSLGQGSETQYF,2
CASSLGQGSTEAFF,2
CASSLGQGSTGELFF,2
CASSLGQGSYNEQFF,2
CASSLGQGTDTQYF,2
CASSLGQGTYNEQFF,2
CASSLGQGVYEQYF,2
CASSLGQGYEQYF,2
CASSLGQIYGYTF,2
CASSLGQLQETQYF,2
CASSLGQNNEQFF,2
CASSLGQNTEAFF,2
CASSLGQQNTEAFF,2
CASSLGQTNTEAFF,2
CASSLGRADTQYF,2
CASSLGRAGDTQYF,2
CASSLGRATGELFF,2
CASSLGRAYEQYF,2
CASSLGREKLFF,2
CASSLGRGDTQYF,2
CASSLGRGETQYF,2
CASSLGRGNTGELFF,2
CASSLGRGYGYTF,2
CASSLGRLDNEQFF,2
CASSLGRNEQFF,2
CASSLGRNNEQFF,2
CASSLGRNQPQHF,2
CASSLGRNYGYTF,2
CASSLGRSDTQYF,2
CASSLGRSYEQYF,2
CASSLGRSYNEQFF,2
CASSLGRTNTGELFF,2
CASSLGRYEQYF,2
CASSLGRYNEQFF,2
CASSLGRYTEAFF,2
CASSLGSDTQYF,2
CASSLGSEQFF,2
CASSLGSGNSPLHF,2
CASSLGSGQETQYF,2
CASSLGSGRGQFF,2
CASSLGSGYTF,2
CASSLGSNQPQHF,2
CASSLGSNYGYTF,2
CASSLGSSDTQYF,2
CASSLGSSNTEAFF,2
CASSLGTAYEQYF,2
CASSLGTDTDTQYF,2
CASSLGTGDQPQHF,2
CASSLGTGEAFF,2
CASSLGTGGGSPLHF,2
CASSLGTGGNQPQHF,2
CASSLGTGGNTEAFF,2
CASSLGTGGPYEQYF,2
CASSLGTGGTDTQYF,2
CASSLGTGGYEQYF,2
CASSLGTGIREQYF,2
CASSLGTGLNTEAFF,2
CASSLGTGNNEQFF,2
CASSLGTGNTEAFF,2
CASSLGTGPYNEQFF,2
CASSLGTGSSYEQYF,2
CASSLGTGSTDTQYF,2
CASSLGTGVNEQFF,2
CASSLGTGVYEQYF,2
CASSLGTNNEQFF,2
CASSLGTNQETQYF,2
CASSLGTNTEAFF,2
CASSLGTNYGYTF,2
CASSLGTSAYEQYF,2
CASSLGTSGQETQYF,2
CASSLGTSGTDTQYF,2
CASSLGTSGTYEQYF,2
CASSLGTSGYEQYF,2
CASSLGTTNEQFF,2
CASSLGTTTGELFF,2
CASSLGTVDEQYF,2
CASSLGTVTNEKLFF,2
CASSLGTYNEQFF,2
CASSLGVGEQFF,2
CASSLGVGGTEAFF,2
CASSLGVGTEAFF,2
CASSLGVGYEQYF,2
CASSLGVNEQYF,2
CASSLGVRTEAFF,2
CASSLGVSGNTIYF,2
CASSLGVTDTQYF,2
CASSLGVYEQYF,2
CASSLGYSNQPQHF,2
CASSLGYTEAFF,2
CASSLGYTQYF,2
CASSLHGETQYF,2
CASSLHGNEQFF,2
CASSLHGNTEAFF,2
CASSLHMNTEAFF,2
CASSLHNEQFF,2
CASSLIDTQYF,2
CASSLIGETQYF,2
CASSLIGGNQPQHF,2
CASSLIGGNYGYTF,2
CASSLIGGTEAFF,2
CASSLIGRTSTDTQYF,2
CASSLISGNTIYF,2
CASSLISGSYNEQFF,2
CASSLITDTQYF,2
CASSLIVNEQFF,2
CASSLKGADTQYF,2
CASSLKGLNTGELFF,2
CASSLKGLVGDTQYF,2
CASSLKGNTEAFF,2
CASSLLAGGPGEQFF,2
CASSLLAGGSYEQYF,2
CASSLLAGGTYEQYF,2
CASSLLANTEAFF,2
CASSLLATDTQYF,2
CASSLLATNEKLFF,2
CASSLLEDEQYF,2
CASSLLGDEQYF,2
CASSLLGENTEAFF,2
CASSLLGEQYF,2
CASSLLGGDTEAFF,2
CASSLLGGNEQFF,2
CASSLLGGNNEQFF,2
CASSLLGGSEAFF,2
CASSLLGGTYNEQFF,2
CASSLLGRIEAFF,2
CASSLLGSTDTQYF,2
CASSLLGTEAFF,2
CASSLLGTEFVNTEAFF,2
CASSLLGYEQYF,2
CASSLLLTDTQYF,2
CASSLLNEQFF,2
CASSLLNTGELFF,2
CASSLLQDNSPLHF,2
CASSLLQETQYF,2
CASSLLQGSRTEAFF,2
CASSLLSDTQYF,2
CASSLLSGETQYF,2
CASSLLSNQPQHF,2
CASSLLSYEQYF,2
CASSLLSYNEQFF,2
CASSLMADTQYF,2
CASSLNEQFF,2
CASSLNGGAQETQYF,2
CASSLNGQGNTEAFF,2
CASSLNGVSTEAFF,2
CASSLNGYEQYF,2
CASSLNPGYEQYF,2
CASSLNRANTEAFF,2
CASSLNRANYGYTF,2
CASSLNRATEAFF,2
CASSLNRGSNQPQHF,2
CASSLNRNQPQHF,2
CASSLNSGNTIYF,2
CASSLNSGTEAFF,2
CASSLNSYEQYF,2
CASSLNTYNEQFF,2
CASSLPDNEQFF,2
CASSLPGGANYGYTF,2
CASSLPGGNEQFF,2
CASSLPGGYEQYF,2
CASSLPGLNTEAFF,2
CASSLPGNEQFF,2
CASSLPGNTIYF,2
CASSLPGQENYGYTF,2
CASSLPGQGRTEAFF,2
CASSLPGQGSYEQYF,2
CASSLPGTDTQYF,2
CASSLPGTGELFF,2
CASSLPNTEAFF,2
CASSLPPYEQYF,2
CASSLPQGLPYGYTF,2
CASSLPSGYNEQFF,2
CASSLPYEQYF,2
CASSLQDSYGYTF,2
CASSLQGANYGYTF,2
CASSLQGAYGYTF,2
CASSLQGDSPLHF,2
CASSLQGDYGYTF,2
CASSLQGEETQYF,2
CASSLQGGNEQFF,2
CASSLQGGNQPQHF,2
CASSLQGGNYGYTF,2
CASSLQGGYTF,2
CASSLQGMNTEAFF,2
CASSLQGNTGELFF,2
CASSLQGPDTQYF,2
CASSLQGSNEKLFF,2
CASSLQGSYEQYF,2
CASSLQGTEAFF,2
CASSLQGTNTEAFF,2
CASSLQGVNTEAFF,2
CASSLQGYQETQYF,2
CASSLQLYNEQFF,2
CASSLQNTEAFF,2
CASSLQRSNYGYTF,2
CASSLQRTEAFF,2
CASSLQSEAFF,2
CASSLQTDTQYF,2
CASSLQTGTNYGYTF,2
CASSLQVNTEAFF,2
CASSLRAETQYF,2
CASSLRAGADTQYF,2
CASSLRASNTGELFF,2
CASSLRASTDTQYF,2
CASSLRDRADTQYF,2
CASSLRDRGQYEQYF,2
CASSLRESSYNEQFF,2
CASSLRGANTGELFF,2
CASSLRGDTEAFF,2
CASSLRGGGTDTQYF,2
CASSLRGGNTEAFF,2
CASSLRGGQETQYF,2
CASSLRGPDTQYF,2
CASSLRGPNTEAFF,2
CASSLRGRDEQFF,2
CASSLRGRQPQHF,2
CASSLRGSNQPQHF,2
CASSLRLAGDNEQFF,2
CASSLRLAGHNEQFF,2
CASSLRNEQFF,2
CASSLRNQPQHF,2
CASSLRPNEQFF,2
CASSLRPNTGELFF,2
CASSLRPTEAFF,2
CASSLRQGLNNEQFF,2
CASSLRQGLTDTQYF,2
CASSLRQQETQYF,2
CASSLRRESYEQYF,2
CASSLRRGEKLFF,2
CASSLRRGETQYF,2
CASSLRRGGLNEQFF,2
CASSLRRVSYEQYF,2
CASSLRSTDTQYF,2
CASSLRTEAFF,2
CASSLRTGNTEAFF,2
CASSLRVDTQYF,2
CASSLRVTGELFF,2
CASSLSAGGTDTQYF,2
CASSLSDSNQPQHF,2
CASSLSENYGYTF,2
CASSLSGAGAEAFF,2
CASSLSGAGELFF,2
CASSLSGGAPDTQYF,2
CASSLSGGGNTEAFF,2
CASSLSGGGYEQYF,2
CASSLSGGTYEQYF,2
CASSLSGGTYNEQFF,2
CASSLSGGYEQYF,2
CASSLSGLEKLFF,2
CASSLSGNEKLFF,2
CASSLSGNEQFF,2
CASSLSGNQPQHF,2
CASSLSGNTIYF,2
CASSLSGREAFF,2
CASSLSGRETQYF,2
CASSLSGRRETQYF,2
CASSLSGSETQYF,2
CASSLSGSNQPQHF,2
CASSLSGSSGNTIYF,2
CASSLSGSYNEQFF,2
CASSLSGTDTQYF,2
CASSLSGTEAFF,2
CASSLSGTGELFF,2
CASSLSGVETQYF,2
CASSLSGVGEQFF,2
CASSLSGVGETQYF,2
CASSLSGVSTDTQYF,2
CASSLSGYGYTF,2
CASSLSLAGSYNEQFF,2
CASSLSLASTDTQYF,2
CASSLSLNEQFF,2
CASSLSMNTEAFF,2
CASSLSPGETQYF,2
CASSLSPNTEAFF,2
CASSLSPVQETQYF,2
CASSLSQNTEAFF,2
CASSLSRDTQYF,2
CASSLSRGDTQYF,2
CASSLSRLNTEAFF,2
CASSLSSGANVLTF,2
CASSLSSGGAYEQFF,2
CASSLSSGGTDTQYF,2
CASSLSSTDTQYF,2
CASSLSTNTGELFF,2
CASSLSVGTDTQYF,2
CASSLSVGTEAFF,2
CASSLSVYNEQFF,2
CASSLTAGGAGELFF,2
CASSLTANTEAFF,2
CASSLTAQETQYF,2
CASSLTASNQPQHF,2
CASSLTDSNQPQHF,2
CASSLTDSPLHF,2
CASSLTETQYF,2
CASSLTGAETQYF,2
CASSLTGANTGELFF,2
CASSLTGASYEQYF,2
CASSLTGAYEQYF,2
CASSLTGDGYTF,2
CASSLTGDTEAFF,2
CASSLTGGAYNEQFF,2
CASSLTGGDQPQHF,2
CASSLTGGGYTF,2
CASSLTGGNQPQHF,2
CASSLTGGPNQPQHF,2
CASSLTGGPTGELFF,2
CASSLTGGRETQYF,2
CASSLTGGTGANVLTF,2
CASSLTGGYNEQFF,2
CASSLTGNEQYF,2
CASSLTGNSPLHF,2
CASSLTGNTGELFF,2
CASSLTGPTNEKLFF,2
CASSLTGQETQYF,2
CASSLTGSGTDTQYF,2
CASSLTGSSYNEQFF,2
CASSLTGSTGELFF,2
CASSLTGTDNQPQHF,2
CASSLTGVNTEAFF,2
CASSLTPGEPQHF,2
CASSLTPGNTIYF,2
CASSLTPNQPQHF,2
CASSLTPSYEQYF,2
CASSLTRAGNEQFF,2
CASSLTSATGELFF,2
CASSLTSGADTQYF,2
CASSLTSGAYNEQFF,2
CASSLTSGGADTQYF,2
CASSLTSGGTYNEQFF,2
CASSLTSGPYEQYF,2
CASSLTSGPYNEQFF,2
CASSLTSGRHNEQFF,2
CASSLTSGRYNEQFF,2
CASSLTSGSTGELFF,2
CASSLTSNQPQHF,2
CASSLTSYEQYF,2
CASSLTTGELFF,2
CASSLTTGGTEQYF,2
CASSLTTPEAFF,2
CASSLTWSLHF,2
CASSLTYEQYF,2
CASSLTYTDTQYF,2
CASSLVAGAGELFF,2
CASSLVAGATDTQYF,2
CASSLVAGATYEQYF,2
CASSLVAGAYNEQFF,2
CASSLVAGGSTDTQYF,2
CASSLVAGNEQFF,2
CASSLVAGNNEQFF,2
CASSLVAGNTEAFF,2
CASSLVAGNTGELFF,2
CASSLVASTDTQYF,2
CASSLVDEQFF,2
CASSLVDEQYF,2
CASSLVDTGELFF,2
CASSLVERPNEQFF,2
CASSLVGDNEQFF,2
CASSLVGDNYGYTF,2
CASSLVGDTEAFF,2
CASSLVGDTQYF,2
CASSLVGDYEQYF,2
CASSLVGGDTGELFF,2
CASSLVGGEQYF,2
CASSLVGGNEQFF,2
CASSLVGGSPLHF,2
CASSLVGNNEQFF,2
CASSLVGNTIYF,2
CASSLVGSNEQFF,2
CASSLVGSYNEQFF,2
CASSLVGTGELFF,2
CASSLVGTGVYEQYF,2
CASSLVLAGSNEQFF,2
CASSLVLETQYF,2
CASSLVLFEQFF,2
CASSLVLNTEAFF,2
CASSLVPGNEQFF,2
CASSLVPGNTEAFF,2
CASSLVQGETQYF,2
CASSLVQGNEQFF,2
CASSLVQGNTEAFF,2
CASSLVQGSYEQYF,2
CASSLVQHTLSYNEQFF,2
CASSLVRETQYF,2
CASSLVRGYEQYF,2
CASSLVRLAVYNEQFF,2
CASSLVRWEQFF,2
CASSLVRYEQYF,2
CASSLVSGNTIYF,2
CASSLVSGSYEQYF,2
CASSLVSLNTDTQYF,2
CASSLVSSYEQYF,2
CASSLVSYNEQFF,2
CASSLVTANYGYTF,2
CASSLVTGGTEAFF,2
CASSLVTGSYNEQFF,2
CASSLVWGGTEAFF,2
CASSLVYEQYF,2
CASSLWETQYF,2
CASSLWGANQPQHF,2
CASSLWGEETQYF,2
CASSLWGGETQYF,2
CASSLWGNEQFF,2
CASSLWGSEAFF,2
CASSLWGTEAFF,2
CASSLWNSYEQYF,2
CASSLWNTEAFF,2
CASSLWSNTEAFF,2
CASSLYGSTDTQYF,2
CASSLYPGTGELFF,2
CASSLYQGPSYEQYF,2
CASSLYRGEKLFF,2
CASSLYRGPEAFF,2
CASSLYRGTEAFF,2
CASSLYRSSYNEQFF,2
CASSLYSDTQYF,2
CASSLYSGYEQYF,2
CASSMGAYGYTF,2
CASSMGFNNEQFF,2
CASSMRSTGELFF,2
CASSNGGYEQYF,2
CASSNNEQFF,2
CASSNNYNEQFF,2
CASSNPDTRYGYTF,2
CASSNRDYGYTF,2
CASSNSYNEQFF,2
CASSNTDTQYF,2
CASSPAGANTGELFF,2
CASSPAGQETQYF,2
CASSPAGQQETQYF,2
CASSPAGRTDTQYF,2
CASSPAGTNTEAFF,2
CASSPANTEAFF,2
CASSPARTNTEAFF,2
CASSPASSTDTQYF,2
CASSPASYEQYF,2
CASSPATGNTGELFF,2
CASSPAYEQYF,2
CASSPDGMNTEAFF,2
CASSPDGNYGYTF,2
CASSPDGQETQYF,2
CASSPDRANYGYTF,2
CASSPDRETQYF,2
CASSPDRGGYTF,2
CASSPDRGRTEAFF,2
CASSPDRGSPLHF,2
CASSPDRGSYNEQFF,2
CASSPDRNYGYTF,2
CASSPDRSYGYTF,2
CASSPDSNQPQHF,2
CASSPDSNSPLHF,2
CASSPDSNYGYTF,2
CASSPDSQETQYF,2
CASSPDSSNQPQHF,2
CASSPDSSYEQYF,2
CASSPDSTDTQYF,2
CASSPDSYEQYF,2
CASSPDSYGYTF,2
CASSPDTDTQYF,2
CASSPDTKQPQHF,2
CASSPDWNTEAFF,2
CASSPDYEQYF,2
CASSPEGGNTEAFF,2
CASSPEGNTIYF,2
CASSPEGSTEAFF,2
CASSPENNQPQHF,2
CASSPFPGELFF,2
CASSPFSSYNEQFF,2
CASSPGAADTQYF,2
CASSPGADEQYF,2
CASSPGADYGYTF,2
CASSPGAGANVLTF,2
CASSPGANTEAFF,2
CASSPGAYEQYF,2
CASSPGAYGYTF,2
CASSPGDGNQPQHF,2
CASSPGDNYGYTF,2
CASSPGEDTQYF,2
CASSPGGADTQYF,2
CASSPGGANVLTF,2
CASSPGGAQPQHF,2
CASSPGGEQFF,2
CASSPGGGNTEAFF,2
CASSPGGNTEAFF,2
CASSPGGSNTGELFF,2
CASSPGGTEAFF,2
CASSPGGTGELFF,2
CASSPGGTGETQYF,2
CASSPGGTNTEAFF,2
CASSPGGTYEQYF,2
CASSPGGVQYF,2
CASSPGGYEQYF,2
CASSPGIYGYTF,2
CASSPGLAAQETQYF,2
CASSPGLAGLKNIQYF,2
CASSPGLAGRNEQFF,2
CASSPGLAGYEQYF,2
CASSPGLAHTGELFF,2
CASSPGLASDTQYF,2
CASSPGLATDTQYF,2
CASSPGLAVYNEQFF,2
CASSPGLAYEQYF,2
CASSPGLEAFF,2
CASSPGLNTGELFF,2
CASSPGLRELFF,2
CASSPGLSTDTQYF,2
CASSPGLYEQYF,2
CASSPGNSNQPQHF,2
CASSPGPGTDTQYF,2
CASSPGPNQPQHF,2
CASSPGPNYEQYF,2
CASSPGPYEQYF,2
CASSPGQEAFF,2
CASSPGQETQYF,2
CASSPGQGAEEQYF,2
CASSPGQGAQNSPLHF,2
CASSPGQGAYGYTF,2
CASSPGQGAYNEQFF,2
CASSPGQGEGYEQYF,2
CASSPGQGFYEQYF,2
CASSPGQGGETQYF,2
CASSPGQGGGYTF,2
CASSPGQGGQPQHF,2
CASSPGQGGYEQYF,2
CASSPGQGLAGELFF,2
CASSPGQGLETQYF,2
CASSPGQGLTEAFF,2
CASSPGQGLYGYTF,2
CASSPGQGPYEQYF,2
CASSPGQGQETQYF,2
CASSPGQGQPQHF,2
CASSPGQGSGYTF,2
CASSPGQGSTDTQYF,2
CASSPGQGSYEQYF,2
CASSPGQGTDTQYF,2
CASSPGQGYQPQHF,2
CASSPGQNTDTQYF,2
CASSPGQNTGELFF,2
CASSPGQNYGYTF,2
CASSPGQSYGYTF,2
CASSPGQSYNEQFF,2
CASSPGQVYEQYF,2
CASSPGRDSPLHF,2
CASSPGRNSPLHF,2
CASSPGRSYGYTF,2
CASSPGRTNEKLFF,2
CASSPGRVPETQYF,2
CASSPGSEAFF,2
CASSPGSGANVLTF,2
CASSPGTAGNTIYF,2
CASSPGTANSPLHF,2
CASSPGTDNEQFF,2
CASSPGTGAYEQYF,2
CASSPGTGDYNEQFF,2
CASSPGTGGEQYF,2
CASSPGTGGNEQFF,2
CASSPGTGGNSPLHF,2
CASSPGTGGYEQYF,2
CASSPGTGNEKLFF,2
CASSPGTGNTIYF,2
CASSPGTGNYEQYF,2
CASSPGTGRNEQFF,2
CASSPGTGRTEAFF,2
CASSPGTGSTDTQYF,2
CASSPGTGSYEQYF,2
CASSPGTHYEQYF,2
CASSPGTRRETQYF,2
CASSPGTSGSNEQFF,2
CASSPGTSGTYEQYF,2
CASSPGTSGYEQYF,2
CASSPGTSGYNEQFF,2
CASSPGTSSYEQYF,2
CASSPGVTGELFF,2
CASSPGVYGYTF,2
CASSPGWAEAFF,2
CASSPGYQETQYF,2
CASSPHRNTEAFF,2
CASSPHTGTQEQFF,2
CASSPKETQYF,2
CASSPKLAGLYEQYF,2
CASSPKNTGELFF,2
CASSPLAGGLNEQFF,2
CASSPLAGGRNEQFF,2
CASSPLAGTYNEQFF,2
CASSPLAVNTEAFF,2
CASSPLGGATEAFF,2
CASSPLGGRETQYF,2
CASSPLGPTDTQYF,2
CASSPLGTEAFF,2
CASSPLGWEQFF,2
CASSPLRGTDTQYF,2
CASSPLTDTQYF,2
CASSPLTGRNTEAFF,2
CASSPLVSSYNEQFF,2
CASSPNGNQPQHF,2
CASSPNRDQPQHF,2
CASSPNRLVNTGELFF,2
CASSPNRNEQFF,2
CASSPNSGNTIYF,2
CASSPNSGSDEQYF,2
CASSPNSYEQYF,2
CASSPNTGELFF,2
CASSPPASYEQYF,2
CASSPPGASTDTQYF,2
CASSPPGLAGYNEQFF,2
CASSPPGMNTEAFF,2
CASSPPGNQPQHF,2
CASSPPGPYEQYF,2
CASSPPGQIYEQYF,2
CASSPPGSTDTQYF,2
CASSPPGTEAFF,2
CASSPPNTEAFF,2
CASSPPPSSYNEQFF,2
CASSPPRETQYF,2
CASSPPRGGPYEQYF,2
CASSPPRGKLFF,2
CASSPPSNEQFF,2
CASSPPSYNEQFF,2
CASSPPTGELFF,2
CASSPPTSNEQYF,2
CASSPQAGGRTDTQYF,2
CASSPQGAGNTIYF,2
CASSPQGAYEQYF,2
CASSPQGDTEAFF,2
CASSPQGGETQYF,2
CASSPQGNTEAFF,2
CASSPQGNYGYTF,2
CASSPQGPTDTQYF,2
CASSPQRGDQPQHF,2
CASSPQSTDTQYF,2
CASSPRADTQYF,2
CASSPRDGSYEQYF,2
CASSPRDGYTF,2
CASSPRDRAYEQYF,2
CASSPRDRDNSPLHF,2
CASSPRDSSYEQYF,2
CASSPRDTEAFF,2
CASSPRDVKNLGYTF,2
CASSPRETDTQYF,2
CASSPRGDTQYF,2
CASSPRGDYEQYF,2
CASSPRGLAGSYNEQFF,2
CASSPRGLSYNEQFF,2
CASSPRGPETQYF,2
CASSPRGRGSTEAFF,2
CASSPRGSTDTQYF,2
CASSPRGTDTQYF,2
CASSPRGVGTEAFF,2
CASSPRLAGEQFF,2
CASSPRLAGRNEQFF,2
CASSPRPGETQYF,2
CASSPRQGGSTDTQYF,2
CASSPRQGRTEAFF,2
CASSPRQGSNTGELFF,2
CASSPRQGYNEQFF,2
CASSPRQNTEAFF,2
CASSPRRDQPQHF,2
CASSPRSDTQYF,2
CASSPRSNTGELFF,2
CASSPRTANYGYTF,2
CASSPRTDTQYF,2
CASSPRTEGEQYF,2
CASSPRTGELFF,2
CASSPRTGNTEAFF,2
CASSPRTGNYGYTF,2
CASSPRTGSYEQYF,2
CASSPRTGSYNEQFF,2
CASSPRTSGRTDTQYF,2
CASSPRTSGYNEQFF,2
CASSPRVGPQETQYF,2
CASSPRYTDTQYF,2
CASSPSASYEQYF,2
CASSPSDTQYF,2
CASSPSGANVLTF,2
CASSPSGENSPLHF,2
CASSPSGGATDTQYF,2
CASSPSGGNQPQHF,2
CASSPSGSHEQYF,2
CASSPSGSYEQYF,2
CASSPSGTEAFF,2
CASSPSGTQYF,2
CASSPSMNTEAFF,2
CASSPSNTGELFF,2
CASSPSNYGYTF,2
CASSPSPGTYGYTF,2
CASSPSQQETQYF,2
CASSPSSGANVLTF,2
CASSPSSSYEQYF,2
CASSPSTGELFF,2
CASSPSTGRTEAFF,2
CASSPSTNEKLFF,2
CASSPSTSGANVLTF,2
CASSPTATNEKLFF,2
CASSPTGAGELFF,2
CASSPTGANVLTF,2
CASSPTGATEAFF,2
CASSPTGAYEQYF,2
CASSPTGDTGELFF,2
CASSPTGETQYF,2
CASSPTGFYEQYF,2
CASSPTGGADTQYF,2
CASSPTGGIYEQYF,2
CASSPTGNEQFF,2
CASSPTGNTEAFF,2
CASSPTGNYGYTF,2
CASSPTGPDTQYF,2
CASSPTGSEQYF,2
CASSPTGTAYEQYF,2
CASSPTGTEAFF,2
CASSPTGTGIPGELFF,2
CASSPTGYYNEQFF,2
CASSPTLAYGYTF,2
CASSPTSEETQYF,2
CASSPTSGSIYEQYF,2
CASSPTSNQPQHF,2
CASSPTSYEQYF,2
CASSPTTDTQYF,2
CASSPTVATNEKLFF,2
CASSPVGNEQFF,2
CASSPVSTDTQYF,2
CASSPVSYNEQFF,2
CASSPWDPPLHF,2
CASSPWGGTGELFF,2
CASSPWGQSSYEQYF,2
CASSPYLNTEAFF,2
CASSPYTGELFF,2
CASSQAETQYF,2
CASSQAGTGGTEAFF,2
CASSQAPDTQYF,2
CASSQASGDEQFF,2
CASSQAVNYGYTF,2
CASSQDGDNEQFF,2
CASSQDGDSYEQYF,2
CASSQDGGEQFF,2
CASSQDGGSEKLFF,2
CASSQDGGSGANVLTF,2
CASSQDGNYGYTF,2
CASSQDGTGASPLHF,2
CASSQDGTGRDTQYF,2
CASSQDGYNEQFF,2
CASSQDISYGYTF,2
CASSQDLAGGYEQYF,2
CASSQDLEGGYTF,2
CASSQDLGSSYEQYF,2
CASSQDLRGYEQYF,2
CASSQDLSSYNEQFF,2
CASSQDMNTEAFF,2
CASSQDNEQFF,2
CASSQDPGGTTEAFF,2
CASSQDPTGELFF,2
CASSQDQGYSTDTQYF,2
CASSQDRDTQYF,2
CASSQDRDYGYTF,2
CASSQDRGETQYF,2
CASSQDRGGTDTQYF,2
CASSQDRGSGNTIYF,2
CASSQDRGTDTQYF,2
CASSQDRGTEAFF,2
CASSQDRGYEQYF,2
CASSQDRLTGGYTF,2
CASSQDRNTDTQYF,2
CASSQDRNTIYF,2
CASSQDRQGTEAFF,2
CASSQDRREQYF,2
CASSQDRRIQYF,2
CASSQDRSYEQYF,2
CASSQDRTTYEQYF,2
CASSQDRVRQYF,2
CASSQDSASGANVLTF,2
CASSQDSGSGANVLTF,2
CASSQDSNEQFF,2
CASSQDSPGPYEQYF,2
CASSQDTDFNQPQHF,2
CASSQDTTDTQYF,2
CASSQEAETEAFF,2
CASSQEGADQPQHF,2
CASSQEGGYTF,2
CASSQEGLTNNEQFF,2
CASSQEGNTGELFF,2
CASSQEGRNTEAFF,2
CASSQEGTIQPQHF,2
CASSQERGPGGTDTQYF,2
CASSQERNTEAFF,2
CASSQERRSNQPQHF,2
CASSQERSGYTF,2
CASSQETGAQGTQYF,2
CASSQFASTSSGANVLTF,2
CASSQGADTQYF,2
CASSQGAGELFF,2
CASSQGAGEQFF,2
CASSQGAHQPQHF,2
CASSQGDGYTF,2
CASSQGDTQYF,2
CASSQGETQYF,2
CASSQGFEAFF,2
CASSQGFEQYF,2
CASSQGGALNTEAFF,2
CASSQGGEAFF,2
CASSQGGGRETQYF,2
CASSQGGGSGANVLTF,2
CASSQGGNTEAFF,2
CASSQGGNYGYTF,2
CASSQGGSGNTIYF,2
CASSQGGYEQFF,2
CASSQGILTGYTF,2
CASSQGLAGDEQYF,2
CASSQGLAGEQFF,2
CASSQGLFTGELFF,2
CASSQGLNTEAFF,2
CASSQGLYEQYF,2
CASSQGNTGELFF,2
CASSQGNYGYTF,2
CASSQGPDTQYF,2
CASSQGPGELFF,2
CASSQGPGNTIYF,2
CASSQGQENTEAFF,2
CASSQGQGLYEQYF,2
CASSQGRDNEKLFF,2
CASSQGREETQYF,2
CASSQGRNTEAFF,2
CASSQGSGNTIYF,2
CASSQGSNQPQHF,2
CASSQGTANQPQHF,2
CASSQGTANTEAFF,2
CASSQGTANTGELFF,2
CASSQGTENSPLHF,2
CASSQGTGDEKLFF,2
CASSQGTGGYEQYF,2
CASSQGTSGNEQFF,2
CASSQGVPGELFF,2
CASSQGVSYNEQFF,2
CASSQHLNTEAFF,2
CASSQKETQYF,2
CASSQKNTEAFF,2
CASSQNRDSYEQYF,2
CASSQNSYEQYF,2
CASSQNTGELFF,2
CASSQNYEQYF,2
CASSQPGQASYEQYF,2
CASSQQGNTEAFF,2
CASSQQNTGELFF,2
CASSQRDEQFF,2
CASSQRNTEAFF,2
CASSQSGEQYF,2
CASSQSGTEAFF,2
CASSQSINSPLHF,2
CASSQSPDQPQHF,2
CASSQSPGGLQFF,2
CASSQTDNQPQHF,2
CASSQTDTQYF,2
CASSQTGGNTEAFF,2
CASSQTGLGTEAFF,2
CASSQTGSGANVLTF,2
CASSQTGSSYNSPLHF,2
CASSQTGSTDTQYF,2
CASSQTGSTNEKLFF,2
CASSQTGVTEAFF,2
CASSQTPGRGLETQYF,2
CASSQTRDRGVEAFF,2
CASSQTVNTEAFF,2
CASSQVASTYEQYF,2
CASSQVGETQYF,2
CASSQVGNTEAFF,2
CASSQVGTGAYEQYF,2
CASSQVPNQPQHF,2
CASSQVPYEQYF,2
CASSQVTAGANVLTF,2
CASSQVWSRVDGYTF,2
CASSQVYNEQFF,2
CASSQYEQYF,2
CASSQYSTDTQYF,2
CASSQYTDTQYF,2
CASSQYYEQYF,2
CASSRAENTEAFF,2
CASSRAGSYNEQFF,2
CASSRAVNTEAFF,2
CASSRDQETQYF,2
CASSRDRANTEAFF,2
CASSRDREAFF,2
CASSRDRGETQYF,2
CASSRDRGNEKLFF,2
CASSRDRGNYGYTF,2
CASSRDRQETQYF,2
CASSRDRTNEKLFF,2
CASSRDRVETQYF,2
CASSRDRVNTGELFF,2
CASSRDRYEQYF,2
CASSRDSNQPQHF,2
CASSRDSQETQYF,2
CASSRDSRTDTQYF,2
CASSRDSSGANVLTF,2
CASSRDSSYNEQFF,2
CASSRDSTDTQYF,2
CASSRDYGYTF,2
CASSREETQYF,2
CASSREGDQPQHF,2
CASSRGAGQPQHF,2
CASSRGDTQYF,2
CASSRGGAQETQYF,2
CASSRGGDGYTF,2
CASSRGGGNQPQHF,2
CASSRGGGTDTQYF,2
CASSRGGNQPQHF,2
CASSRGGNTEAFF,2
CASSRGGRASFF,2
CASSRGGRETQYF,2
CASSRGGTGELFF,2
CASSRGLYNEQFF,2
CASSRGNQPQHF,2
CASSRGPGDTQYF,2
CASSRGQGNGYTF,2
CASSRGQSYGYTF,2
CASSRGSSYEQYF,2
CASSRGSYEQYF,2
CASSRGTDTQYF,2
CASSRGTGNTEAFF,2
CASSRGTGSYEQYF,2
CASSRGTYGYTF,2
CASSRGVNEQFF,2
CASSRGYGNQPQHF,2
CASSRITGELFF,2
CASSRKNTEAFF,2
CASSRLAGGLDEQFF,2
CASSRLTGELFF,2
CASSRNYEQYF,2
CASSRNYGYTF,2
CASSRPTGELFF,2
CASSRQGAGETQYF,2
CASSRQGANEKLFF,2
CASSRQGGAFF,2
CASSRQGGNSPLHF,2
CASSRQGSDTQYF,2
CASSRQGTEAFF,2
CASSRQGYEQYF,2
CASSRQGYTGELFF,2
CASSRQNTEAFF,2
CASSRQSYYNEQFF,2
CASSRQTTYEQYF,2
CASSRQYNQPQHF,2
CASSRRDFSYEQYF,2
CASSRREAYEQYF,2
CASSRRGPYETQYF,2
CASSRRGQNTEAFF,2
CASSRRGSYNEQFF,2
CASSRSGANVLTF,2
CASSRSGTEAFF,2
CASSRSPQETQYF,2
CASSRTAETQYF,2
CASSRTDQETQYF,2
CASSRTEETQYF,2
CASSRTENTEAFF,2
CASSRTGASYEQYF,2
CASSRTGFYGYTF,2
CASSRTGGETQYF,2
CASSRTGGPNEKLFF,2
CASSRTGGRTEAFF,2
CASSRTGGYNEQFF,2
CASSRTGNEQFF,2
CASSRTGNTEAFF,2
CASSRTGNYGYTF,2
CASSRTGSTEAFF,2
CASSRTMNTEAFF,2
CASSRTNTGELFF,2
CASSRTSGANVLTF,2
CASSRTSGGTDTQYF,2
CASSRTSGPYNEQFF,2
CASSRTSGTDTQYF,2
CASSRTSNQPQHF,2
CASSRTSNTEAFF,2
CASSRTSYNEQFF,2
CASSRTVSYEQYF,2
CASSRYNEQFF,2
CASSRYYEQYF,2
CASSSAETQYF,2
CASSSAGDTQYF,2
CASSSAGGNQPQHF,2
CASSSAKNIQYF,2
CASSSASTDTQYF,2
CASSSDGMNTEAFF,2
CASSSDGNTEAFF,2
CASSSDGTGDGEQFF,2
CASSSDRGETQYF,2
CASSSDRGLETQYF,2
CASSSDRGYEQYF,2
CASSSDRNTEAFF,2
CASSSDRSSYEQYF,2
CASSSDRSYEQYF,2
CASSSDRTYEQYF,2
CASSSDRVNEQFF,2
CASSSEGDQPQHF,2
CASSSFKERGKDTQYF,2
CASSSFTDTQYF,2
CASSSFYEQYF,2
CASSSGASYNEQFF,2
CASSSGAYNEQFF,2
CASSSGFTGELFF,2
CASSSGGAGIYEQYF,2
CASSSGGGNTIYF,2
CASSSGGGSYNEQFF,2
CASSSGGGTQYF,2
CASSSGGGYTEAFF,2
CASSSGGYNEQFF,2
CASSSGIGYEQYF,2
CASSSGLAGAGDTQYF,2
CASSSGLAGNEQFF,2
CASSSGLASDTQYF,2
CASSSGLAYNEQFF,2
CASSSGLLNTEAFF,2
CASSSGLNTEAFF,2
CASSSGLYNEQFF,2
CASSSGNEQFF,2
CASSSGNTGELFF,2
CASSSGNTIYF,2
CASSSGQGSTDTQYF,2
CASSSGQNYGYTF,2
CASSSGQTNQPQHF,2
CASSSGQTYEQYF,2
CASSSGREQYF,2
CASSSGRGEQYF,2
CASSSGRGTEAFF,2
CASSSGRGYEQYF,2
CASSSGRLSGANVLTF,2
CASSSGRTDTQYF,2
CASSSGRVDEKLFF,2
CASSSGSNTQYF,2
CASSSGSYNEQFF,2
CASSSGTEAFF,2
CASSSGTENTEAFF,2
CASSSGTGAYNEQFF,2
CASSSGTGDTGELFF,2
CASSSGTGGNQPQHF,2
CASSSGTGIYNEQFF,2
CASSSGTGLYEQYF,2
CASSSGTGRTDTQYF,2
CASSSGTGSGNTIYF,2
CASSSGTGTYEQYF,2
CASSSGTNTEAFF,2
CASSSGTPYEQYF,2
CASSSGTTYNEQFF,2
CASSSGTVNTEAFF,2
CASSSGTYGYTF,2
CASSSGTYNSPLHF,2
CASSSGVGANVLTF,2
CASSSGVRTDTQYF,2
CASSSGVYEQYF,2
CASSSHQETQYF,2
CASSSLAGGLYEQYF,2
CASSSLGSYNEQFF,2
CASSSLNTEAFF,2
CASSSLSSGANVLTF,2
CASSSNLNTEAFF,2
CASSSNRNSPLHF,2
CASSSNRVTEAFF,2
CASSSNSGANVLTF,2
CASSSNTDTQYF,2
CASSSNTEAFF,2
CASSSPGDGYTEAFF,2
CASSSPGGRETQYF,2
CASSSPGHRLGQYF,2
CASSSPGQENYGYTF,2
CASSSPGQGNSPLHF,2
CASSSPNTGELFF,2
CASSSPPADTQYF,2
CASSSPPYEQYF,2
CASSSPYEQYF,2
CASSSQGAETQYF,2
CASSSQGDQPQHF,2
CASSSQGNEQFF,2
CASSSQGNTEAFF,2
CASSSQGTDTQYF,2
CASSSQSSGANVLTF,2
CASSSQVNTEAFF,2
CASSSRAPGELFF,2
CASSSRDRGHEQYF,2
CASSSRDRGLSNQPQHF,2
CASSSRDRGSGNTIYF,2
CASSSRDRGTDTQYF,2
CASSSRDSGNTIYF,2
CASSSRENTEAFF,2
CASSSRGDTEAFF,2
CASSSRGEQYF,2
CASSSRGGETQYF,2
CASSSRGGYTEAFF,2
CASSSRGPDTQYF,2
CASSSRGPETQYF,2
CASSSRGTEAFF,2
CASSSRLAGGPTDTQYF,2
CASSSRLAVGTDTQYF,2
CASSSRTEQFF,2
CASSSRTGSYEQYF,2
CASSSRVGNEQFF,2
CASSSRYEQYF,2
CASSSSGGADTQYF,2
CASSSSGGAYNEQFF,2
CASSSSGGRETQYF,2
CASSSSGGSTGELFF,2
CASSSSGGTDTQYF,2
CASSSSGGTEAFF,2
CASSSSGLYNEQFF,2
CASSSSGNTIYF,2
CASSSSGSPYEQYF,2
CASSSSGSYNEQFF,2
CASSSSLESHNEQFF,2
CASSSSLNTEAFF,2
CASSSSMNTEAFF,2
CASSSSNEQFF,2
CASSSSNQPQHF,2
CASSSSSSRTGELFF,2
CASSSSSSYNEQFF,2
CASSSSSYNEQFF,2
CASSSSYNEQFF,2
CASSSTANYGYTF,2
CASSSTDQETQYF,2
CASSSTETYEQYF,2
CASSSTGGGNQPQHF,2
CASSSTGGPDTQYF,2
CASSSTGGSEKLFF,2
CASSSTGGTEAFF,2
CASSSTGQETQYF,2
CASSSTGTDTQYF,2
CASSSTGTETQYF,2
CASSSTGTGELFF,2
CASSSTPNTEAFF,2
CASSSTRGHEQYF,2
CASSSTSINEQFF,2
CASSSTSTDTQYF,2
CASSSVIASDPGTEAFF,2
CASSSYEQYF,2
CASSSYNEQFF,2
CASSSYNSPLHF,2
CASSSYRDTDTQYF,2
CASSSYRETDTQYF,2
CASSSYTDTQYF,2
CASSTAGTTPGELFF,2
CASSTASSYNEQFF,2
CASSTDRGGEKLFF,2
CASSTDRGGYTF,2
CASSTDTQYF,2
CASSTGDNEQFF,2
CASSTGGNQPQHF,2
CASSTGGTEAFF,2
CASSTGKSNSPLHF,2
CASSTGLATDTQYF,2
CASSTGLGSYEQYF,2
CASSTGTAYEQYF,2
CASSTGTGGEKLFF,2
CASSTGTGSGYTF,2
CASSTGTNYGYTF,2
CASSTGTSGNEQFF,2
CASSTNLGGSTDTQYF,2
CASSTQGANYGYTF,2
CASSTQGSYEQYF,2
CASSTRDRGSYEQYF,2
CASSTRGRGETQYF,2
CASSTRPYEQYF,2
CASSTRQGYEQYF,2
CASSTRSSYEQYF,2
CASSTRSTDTQYF,2
CASSTRTDTDTQYF,2
CASSTSGGSYNEQFF,2
CASSTSGYEQYF,2
CASSTSGYTDTQYF,2
CASSTSNQFEAFF,2
CASSTTGGEQFF,2
CASSTTSGGPTDTQYF,2
CASSTTSGNEQFF,2
CASSTTSGSYEQYF,2
CASSTTSGSYNEQFF,2
CASSTTTDTQYF,2
CASSTTYEQYF,2
CASSTVDTEAFF,2
CASSVAGGGYEQYF,2
CASSVAYEQYF,2
CASSVDGNTEAFF,2
CASSVDPRTTDTQYF,2
CASSVDSYNEQFF,2
CASSVDTQYF,2
CASSVEGDQPQHF,2
CASSVEGNQPQHF,2
CASSVEGQSTDTQYF,2
CASSVEGTSTDTQYF,2
CASSVGDEQFF,2
CASSVGDRSYGYTF,2
CASSVGDSYEQYF,2
CASSVGGQGYGYTF,2
CASSVGGSAYEQYF,2
CASSVGGSNQPQHF,2
CASSVGGSSYEQYF,2
CASSVGGSSYNEQFF,2
CASSVGGYNEQFF,2
CASSVGINQPQHF,2
CASSVGQNYGYTF,2
CASSVGRTQYF,2
CASSVGSGAYEQYF,2
CASSVGTGANTEAFF,2
CASSVGWTDTQYF,2
CASSVGYEQYF,2
CASSVLTDTQYF,2
CASSVLYEQYF,2
CASSVMNTEAFF,2
CASSVQGANYGYTF,2
CASSVQRNTEAFF,2
CASSVRGQSYEQYF,2
CASSVRSTGELFF,2
CASSVSGSGELFF,2
CASSVSGSSYNEQFF,2
CASSVSQGEQFF,2
CASSVTAGVTEAFF,2
CASSVTDTQYF,2
CASSVTGGNQPQHF,2
CASSVTGGSYNEQFF,2
CASSVTGNTEAFF,2
CASSVTQGAGELFF,2
CASSVVDTEAFF,2
CASSVVENTEAFF,2
CASSVVGTGELFF,2
CASSVVNGELFF,2
CASSVVPSSYEQYF,2
CASSVVSNTGELFF,2
CASSVWGNTEAFF,2
CASSVYEQYF,2
CASSWDRSEAFF,2
CASSWESTDTQYF,2
CASSWGDTQYF,2
CASSWGGEAFF,2
CASSWGGNTEAFF,2
CASSWGQLNTEAFF,2
CASSWGSTDTQYF,2
CASSWGVNTEAFF,2
CASSWRGAGDTEAFF,2
CASSWSGDTGELFF,2
CASSWTENTGELFF,2
CASSWTGGNEQFF,2
CASSWTGGNYGYTF,2
CASSWTSGSSYNEQFF,2
CASSYDSGTGELFF,2
CASSYDSNTEAFF,2
CASSYDTDTQYF,2
CASSYEGGYEQYF,2
CASSYESYEQYF,2
CASSYGANTEAFF,2
CASSYGANVLTF,2
CASSYGFNQPQHF,2
CASSYGGETQYF,2
CASSYGGTNTEAFF,2
CASSYGHSYEQYF,2
CASSYGISGANVLTF,2
CASSYGQGTDTQYF,2
CASSYGRNQPQHF,2
CASSYGSYEQYF,2
CASSYGTLNTEAFF,2
CASSYKRTGELFF,2
CASSYLGNEQYF,2
CASSYLTDTQYF,2
CASSYNEQFF,2
CASSYNRGGYTF,2
CASSYPDRVNTEAFF,2
CASSYPGLAGYNEQFF,2
CASSYPHYEQYF,2
CASSYPYEQYF,2
CASSYQGGNIQYF,2
CASSYQGGPYEQYF,2
CASSYQGNTEAFF,2
CASSYRDNQPQHF,2
CASSYRDRSTDTQYF,2
CASSYRDSSYNEQFF,2
CASSYRDYNEQFF,2
CASSYREGSPLHF,2
CASSYRENYGYTF,2
CASSYRGGLSYNEQFF,2
CASSYRGGYNEQFF,2
CASSYRGTEAFF,2
CASSYRNTGELFF,2
CASSYRSSGANVLTF,2
CASSYRTSGLNEQFF,2
CASSYRVTDTQYF,2
CASSYSAGGYNEQFF,2
CASSYSAGNEQYF,2
CASSYSANTEAFF,2
CASSYSDGSYEQYF,2
CASSYSDIPHSNQPQHF,2
CASSYSDSTEAFF,2
CASSYSDTYEQYF,2
CASSYSDYNEQFF,2
CASSYSETQYF,2
CASSYSFEQYF,2
CASSYSFSYEQYF,2
CASSYSGDTQYF,2
CASSYSGEAFF,2
CASSYSGEQYF,2
CASSYSGMNTEAFF,2
CASSYSGQGDGYTF,2
CASSYSGSQETQYF,2
CASSYSGSYNEQFF,2
CASSYSGTEAFF,2
CASSYSGTPETQYF,2
CASSYSGTQYF,2
CASSYSGTSGQETQYF,2
CASSYSKGTGELFF,2
CASSYSNTEAFF,2
CASSYSPDSGNTIYF,2
CASSYSPGSYNEQFF,2
CASSYSQGAGELFF,2
CASSYSQTYEQYF,2
CASSYSRNEQFF,2
CASSYSSGANVLTF,2
CASSYSSGGADTQYF,2
CASSYSSGSSYEQYF,2
CASSYSSNYGYTF,2
CASSYSSSSDTQYF,2
CASSYSTGELFF,2
CASSYSTNTEAFF,2
CASSYSVQPQHF,2
CASSYTGELFF,2
CASSYTGGTEAFF,2
CASSYTGVTEAFF,2
CASTAMNTEAFF,2
CASTDRVNTEAFF,2
CASTGMNTEAFF,2
CASTGTDTQYF,2
CASTGTYTGELFF,2
CASTINTGELFF,2
CASTNSYEQYF,2
CASTPGDEQFF,2
CASTPGDGYTF,2
CASTPGDTQYF,2
CASTPGPNYGYTF,2
CASTPPRGTQYF,2
CASTPSYEQYF,2
CASTQRDGRETQYF,2
CASTRDRRAFF,2
CASTRDRVTEAFF,2
CASTRDSSLNEQFF,2
CASTRQGQHSPLHF,2
CASTRVGNQPQHF,2
CASTSNYGYTF,2
CASTSRAGEAFF,2
CASTSRVGEAFF,2
CASTTEPGLRINEQFF,2
CASTYTDTQYF,2
CASTYYNEQFF,2
CASVSYNEQFF,2
CATGQGETQYF,2
CATLGGYNEQFF,2
CATQYRGNQPQHF,2
CATRGNTEAFF,2
CATSDLWETQYF,2
CATSDPGGSSYNEQFF,2
CATSDRYEQYF,2
CATSDSPSETQYF,2
CATSDSSASYEQYF,2
CATSDTGTGEDTQYF,2
CATSFGTDTQYF,2
CATSNPGQPQHF,2
CATSRDRVDTQYF,2
CATSRDSSGSNEQFF,2
CATSREKLFF,2
CATSRELGGHEQFF,2
CATSRELGGHEQYF,2
CATSRERGGTDTQYF,2
CATSRGNSGGQETQYF,2
CATSTTGFNTEAFF,2
CATSVGQSSYNEQFF,2
CATSVPGQVTGELFF,2
CATTNEQFF,2
CAWGSYEQYF,2
CAWSAGDTQYF,2
CAWSAGTGDEKLFF,2
CAWSESGDRDYEQYF,2
CAWSESSNQPQHF,2
CAWSGDRRTEAFF,2
CAWSLSLGYTF,2
CAWSRSGANVLTF,2
CAWSVGGNTEAFF,2
CAWSVGTGELFF,2
CAWSVLPQGIGEQFF,2
CAWSVNEQFF,2
CAWSVQANYGYTF,2
CAWSVQGNQPQHF,2
CAWSVTGGTEAFF,2
CAWTGIYGYTF,2
CLFVCLF,2
CSAAGQLYEQYF,2
CSADGTSETYEQYF,2
CSADRGGNTEAFF,2
CSAGDRKAFF,2
CSAGGKGNQPQHF,2
CSAGQGGTEAFF,2
CSAGQGNQPQHF,2
CSAGQGSNQPQHF,2
CSAGTGASGANVLTF,2
CSAGTGAYEQYF,2
CSALQETQYF,2
CSAPGNTEAFF,2
CSAPGQGTYNEQFF,2
CSAPGTLNTEAFF,2
CSAQHQETQYF,2
CSAQNTEAFF,2
CSARAEETQYF,2
CSARAGGNQPQHF,2
CSARAGPLSNQPQHF,2
CSARDAGAGVSQPQHF,2
CSARDFLAGAYEQYF,2
CSARDGPGEQFF,2
CSARDGTGDTEAFF,2
CSARDGYGYTF,2
CSARDLSGNQPQHF,2
CSARDLTGYEQYF,2
CSARDNTDTQYF,2
CSARDPGLNTEAFF,2
CSARDRDLTYEQYF,2
CSARDRGLGNTIYF,2
CSARDRVYEQYF,2
CSARDSTGNGYTF,2
CSARDSTYEQYF,2
CSARDTDNYEQYF,2
CSARDVVRANYGYTF,2
CSARDWSSSTDTQYF,2
CSAREGAYYEQYF,2
CSARGDRAYEQYF,2
CSARGDRDTEAFF,2
CSARGGDQPQHF,2
CSARGGDYGYTF,2
CSARGGYGYTF,2
CSARGLADYNEQFF,2
CSARGNEQFF,2
CSARGQTNYGYTF,2
CSARGRSSYEQYF,2
CSARGTGGTDTQYF,2
CSARGTLNTEAFF,2
CSARIGVGNTIYF,2
CSARLAGGQETQYF,2
CSARLAGSTDTQYF,2
CSARLSGNTIYF,2
CSARQGDTEAFF,2
CSARQGSQPQHF,2
CSARQIQEKGDTQYF,2
CSARQNTEAFF,2
CSARQSSYNEQFF,2
CSARRGGTEAFF,2
CSARRTDRASTDTQYF,2
CSARRYNEQFF,2
CSARSDPYTGELFF,2
CSARSDRGHTF,2
CSARTGRETQYF,2
CSARVGAGNTIYF,2
CSARVREGLSNEQFF,2
CSASAAGGQETQYF,2
CSASDHEQFF,2
CSASDHEQYF,2
CSASGPGLYYNEQFF,2
CSASGRLGQYF,2
CSASGTDNSPLHF,2
CSASGTPLGGPGAFNYGYTF,2
CSASPAGGQETQYF,2
CSASPLTEAYGYTF,2
CSASPYEQYF,2
CSASQGGSNQPQHF,2
CSASQHTDTQYF,2
CSASRGAYGYTF,2
CSASRGNQPQHF,2
CSASSGGTDTQYF,2
CSASSSGGTYEQYF,2
CSASSYNEQFF,2
CSASTNTGELFF,2
CSATGDSSNTEAFF,2
CSATGGNQPQHF,2
CSATSGTDTQYF,2
CSATTGGSSYEQYF,2
CSAWTGGGTQYF,2
CSGANVLTF,2
CSGGGGTEAFF,2
CSGLEQETQYF,2
CSSRGTDTQYF,2
CSVAAGGNQPQHF,2
CSVAAGNTEAFF,2
CSVAGNTEAFF,2
CSVASGRAAGEQFF,2
CSVDEGGTDTQYF,2
CSVDGGTDTQYF,2
CSVDGPTEAFF,2
CSVDPGGNYGYTF,2
CSVDQGDTQYF,2
CSVDQGGTDTQYF,2
CSVDQGGVTEAFF,2
CSVDRDTDTQYF,2
CSVDRFF,2
CSVDSYNEQFF,2
CSVEAFF,2
CSVEASNYGYTF,2
CSVEDGYEQYF,2
CSVEDLGYGYTF,2
CSVEDPDRSSYNEQFF,2
CSVEGGTTYEQYF,2
CSVEGQGEQYF,2
CSVEGSARNTEAFF,2
CSVEGTDSYEQYF,2
CSVEIGDRGYEQYF,2
CSVEQANTEAFF,2
CSVERGGVNTEAFF,2
CSVERGNYGYTF,2
CSVERGYEQYF,2
CSVESAKTYEQYF,2
CSVESGTGRQETQYF,2
CSVESVSHGTAGYTF,2
CSVETSGSSYNEQFF,2
CSVEVTNYGYTF,2
CSVGDPPTNEKLFF,2
CSVGDSSGNTIYF,2
CSVGDSTYEQYF,2
CSVGGETQYF,2
CSVGGGNYGYTF,2
CSVGGNTGELFF,2
CSVGGSTQYF,2
CSVGQGGTNEKLFF,2
CSVGQGNTEAFF,2
CSVGQGTNTEAFF,2
CSVGQGYEQYF,2
CSVGRGGYNEQFF,2
CSVGSDGTNEKLFF,2
CSVGSGDQGEQYF,2
CSVKNTGELFF,2
CSVLGGSTDTQYF,2
CSVLGQGSTEAFF,2
CSVLRDYTYNEQFF,2
CSVPDPKGSYEQYF,2
CSVPGILNTEAFF,2
CSVQDGNYGYTF,2
CSVQGAGANVLTF,2
CSVQRGSYEQYF,2
CSVRTSGDYNEQFF,2
CSVRTSGSYEQYF,2
CSVSGTDYNEQFF,2
CSVSREAEAFF,2
CSVTASSYEQYF,2
CSVVETSTEAFF,2
CTSSHEPTSGRDSYNEQFF,2
CAGAF,3
CAGVKSSTPPGESYF,3
CAIGTGDSNQPQHF,3
CASGDGSYEQYF,3
CASGNYEQYF,3
CASGQPQHF,3
CASGTGDSNQPQHF,3
CASKLGLADSYNEQFF,3
CASRAGANVLTF,3
CASRDGELFF,3
CASRDSSYEQYF,3
CASRENTEAFF,3
CASRGAYEQYF,3
CASRGIGRNEQFF,3
CASRGQGNQPQHF,3
CASRITSADEQFF,3
CASRLGTANTEAFF,3
CASRRQGNTEAFF,3
CASRTGAVNEQFF,3
CASRTGNTEAFF,3
CASSAGANYGYTF,3
CASSAGPNYEQYF,3
CASSAGQAYEQYF,3
CASSAGTGGNEQFF,3
CASSATGNTEAFF,3
CASSATGYEQYF,3
CASSDDGMNTEAFF,3
CASSDPNTGELFF,3
CASSDRDTGELFF,3
CASSDSGGSYNEQFF,3
CASSDSGNQPQHF,3
CASSDSSTDTQYF,3
CASSDYNEQFF,3
CASSEDRDTYGYTF,3
CASSEGDTGELFF,3
CASSEGNQPQHF,3
CASSELAGGPDTQYF,3
CASSENTGELFF,3
CASSEQGYEQYF,3
CASSETPSSGNTIYF,3
CASSETSGGADTQYF,3
CASSFGDTEAFF,3
CASSFGETQYF,3
CASSFGGAGDTQYF,3
CASSFGGNQPQHF,3
CASSFGGNTEAFF,3
CASSFGKNTEAFF,3
CASSFGNQPQHF,3
CASSFGNTEAFF,3
CASSFGPGELFF,3
CASSFGQNTEAFF,3
CASSFGRNTEAFF,3
CASSFGSQETQYF,3
CASSFGTGELFF,3
CASSFNTGELFF,3
CASSFPGSNNEQFF,3
CASSFRDYNEQFF,3
CASSFRENTEAFF,3
CASSFRFSGANVLTF,3
CASSFRRGANEQFF,3
CASSFSDTQYF,3
CASSFSGDTQYF,3
CASSFSGGTEAFF,3
CASSFSGGYEQYF,3
CASSFVDTQYF,3
CASSFVNTGELFF,3
CASSFYSNQPQHF,3
CASSGGTAYEQYF,3
CASSGGTSGLTDTQYF,3
CASSGLAGGTDTQYF,3
CASSGNEQFF,3
CASSGNTEAFF,3
CASSGPTDTQYF,3
CASSGQLNTEAFF,3
CASSGQNTGELFF,3
CASSGRGGDTQYF,3
CASSGTSGGYNEQFF,3
CASSHTDTQYF,3
CASSHTYEQYF,3
CASSIDGTAYEQYF,3
CASSIFGEQFF,3
CASSIGQNTEAFF,3
CASSIRASYEQYF,3
CASSLAANTEAFF,3
CASSLAETQYF,3
CASSLAGADTQYF,3
CASSLAGDEQYF,3
CASSLAGELFF,3
CASSLAGEQYF,3
CASSLAGGDYGYTF,3
CASSLAGGEQFF,3
CASSLAGGLTDTQYF,3
CASSLAGGNTEAFF,3
CASSLAGGQETQYF,3
CASSLAGGRETQYF,3
CASSLAGGTEAFF,3
CASSLAGGYNEQFF,3
CASSLAGGYTEAFF,3
CASSLAGPQPQHF,3
CASSLAGSSYEQYF,3
CASSLAGSSYNEQFF,3
CASSLAGSYEQYF,3
CASSLAGTDTQYF,3
CASSLAGTEAFF,3
CASSLAGTYNEQFF,3
CASSLAGYEQYF,3
CASSLANYEQYF,3
CASSLAPNTEAFF,3
CASSLAPYEQYF,3
CASSLAQETQYF,3
CASSLAQMNTEAFF,3
CASSLASGANVLTF,3
CASSLASGSYNEQFF,3
CASSLATDTQYF,3
CASSLAYEQFF,3
CASSLDGGSYNEQFF,3
CASSLDLGDTQYF,3
CASSLDPNTEAFF,3
CASSLDPYNEQFF,3
CASSLDRDTEAFF,3
CASSLDRGTEAFF,3
CASSLDRLNTEAFF,3
CASSLDRYEQYF,3
CASSLDTEAFF,3
CASSLDVYEQYF,3
CASSLEARNTEAFF,3
CASSLEDGGGYTF,3
CASSLEGDQPQHF,3
CASSLEGDRPQHF,3
CASSLEGTDTQYF,3
CASSLEGYEQYF,3
CASSLEGYTEAFF,3
CASSLELAGGRDTQYF,3
CASSLELAVYNEQFF,3
CASSLESNQPQHF,3
CASSLEVNTEAFF,3
CASSLEYEQYF,3
CASSLGAGGYNEQFF,3
CASSLGAYEQYF,3
CASSLGDRSYEQYF,3
CASSLGEKLFF,3
CASSLGGAYEQYF,3
CASSLGGDNEQFF,3
CASSLGGDYEQYF,3
CASSLGGGGTEAFF,3
CASSLGGGSNQPQHF,3
CASSLGGGSTDTQYF,3
CASSLGGGTDTQYF,3
CASSLGGGYNEQFF,3
CASSLGGLGNQPQHF,3
CASSLGGPEQYF,3
CASSLGGPNTEAFF,3
CASSLGGQGNEQFF,3
CASSLGGSGANVLTF,3
CASSLGGSSYNEQFF,3
CASSLGGSYNEQFF,3
CASSLGGTSTDTQYF,3
CASSLGGTYNEQFF,3
CASSLGGVNEQFF,3
CASSLGHEQFF,3
CASSLGLGNQPQHF,3
CASSLGNNEQFF,3
CASSLGPNYEQYF,3
CASSLGPSTDTQYF,3
CASSLGQGDSPLHF,3
CASSLGQGNTEAFF,3
CASSLGQGYGYTF,3
CASSLGQSSYNEQFF,3
CASSLGQSYEQYF,3
CASSLGQTNTGELFF,3
CASSLGQVTEAFF,3
CASSLGRDYEQYF,3
CASSLGRGTEAFF,3
CASSLGRSTDTQYF,3
CASSLGSGDTEAFF,3
CASSLGSGNTIYF,3
CASSLGSSGNTIYF,3
CASSLGSSYEQYF,3
CASSLGTDYGYTF,3
CASSLGTEAFF,3
CASSLGTGDGYTF,3
CASSLGTGGTEAFF,3
CASSLGTGGYNEQFF,3
CASSLGTGNQPQHF,3
CASSLGTGTEAFF,3
CASSLGTGYGYTF,3
CASSLGTSGDTQYF,3
CASSLGTSGSYEQYF,3
CASSLGTTGELFF,3
CASSLGVRETQYF,3
CASSLGVSYNEQFF,3
CASSLGVTGELFF,3
CASSLGWGTDTQYF,3
CASSLIATNEKLFF,3
CASSLIGVSSYNEQFF,3
CASSLIPGATDTQYF,3
CASSLKETQYF,3
CASSLLAGGNNEQFF,3
CASSLLAGGPNEQFF,3
CASSLLAGGTDTQYF,3
CASSLLDEQYF,3
CASSLLGGTDTQYF,3
CASSLLGTDTQYF,3
CASSLLNTEAFF,3
CASSLLNYGYTF,3
CASSLLSTDTQYF,3
CASSLMNTEAFF,3
CASSLNSPLHF,3
CASSLPGGETQYF,3
CASSLPRSDSYEQYF,3
CASSLQGDTQYF,3
CASSLQGSNQPQHF,3
CASSLQGSNTEAFF,3
CASSLQGSTDTQYF,3
CASSLQGYEQYF,3
CASSLQGYNEQFF,3
CASSLQGYTEAFF,3
CASSLQRMNTEAFF,3
CASSLQSYEQYF,3
CASSLRENTEAFF,3
CASSLRGGETQYF,3
CASSLRGLNTEAFF,3
CASSLRGNEQYF,3
CASSLRGNQPQHF,3
CASSLRLNEQFF,3
CASSLRRETQYF,3
CASSLRRNTEAFF,3
CASSLRTSGYNEQFF,3
CASSLSANTEAFF,3
CASSLSDTEAFF,3
CASSLSGANVLTF,3
CASSLSGDEQFF,3
CASSLSGEQYF,3
CASSLSGGSYNEQFF,3
CASSLSLGETQYF,3
CASSLSLYEQYF,3
CASSLSNTEAFF,3
CASSLSRNTEAFF,3
CASSLSSGNTIYF,3
CASSLSSYEQYF,3
CASSLSSYNEQFF,3
CASSLSTGELFF,3
CASSLSTYNEQFF,3
CASSLTANYGYTF,3
CASSLTGEAFF,3
CASSLTGGTDTQYF,3
CASSLTGLNTEAFF,3
CASSLTGMNTEAFF,3
CASSLTGSSYEQYF,3
CASSLTGTANYGYTF,3
CASSLTSGANVLTF,3
CASSLTSGETDTQYF,3
CASSLTSGSYEQYF,3
CASSLTTDTQYF,3
CASSLVGGSYEQYF,3
CASSLVGGTDTQYF,3
CASSLVGNQPQHF,3
CASSLVGNTEAFF,3
CASSLVNTEAFF,3
CASSLVPSYEQYF,3
CASSLVQETQYF,3
CASSLWGESNQPQHF,3
CASSLYEQYF,3
CASSLYQETQYF,3
CASSLYRNTEAFF,3
CASSLYTEAFF,3
CASSPAADTQYF,3
CASSPANTGELFF,3
CASSPDGDYGYTF,3
CASSPDKNYGYTF,3
CASSPDNEQFF,3
CASSPDRDYGYTF,3
CASSPDRGGNQPQHF,3
CASSPGDEQYF,3
CASSPGETQYF,3
CASSPGFSYEQYF,3
CASSPGGGEQYF,3
CASSPGGGETQYF,3
CASSPGGNEQFF,3
CASSPGGNQPQHF,3
CASSPGGTDTQYF,3
CASSPGGYTEAFF,3
CASSPGLSYNEQFF,3
CASSPGNTEAFF,3
CASSPGNTIYF,3
CASSPGQANTEAFF,3
CASSPGQGNYGYTF,3
CASSPGQNTEAFF,3
CASSPGSSYNEQFF,3
CASSPGSYEQYF,3
CASSPGTGELFF,3
CASSPGTGETQYF,3
CASSPGTNYGYTF,3
CASSPGTTSTDTQYF,3
CASSPGTYEQYF,3
CASSPGVGSYEQYF,3
CASSPGYNEQFF,3
CASSPLGYEQYF,3
CASSPLPGQDDYGYTF,3
CASSPNNEQFF,3
CASSPNTEAFF,3
CASSPPGNTEAFF,3
CASSPPGQSGNQPQHF,3
CASSPPTESYGYTF,3
CASSPQETQYF,3
CASSPRDSYEQYF,3
CASSPRETQYF,3
CASSPRGGQETQYF,3
CASSPRGTEAFF,3
CASSPRGYEQYF,3
CASSPRQGDTEAFF,3
CASSPRQGTYEQYF,3
CASSPRQGVYEQYF,3
CASSPRTENTEAFF,3
CASSPRTGDYEQYF,3
CASSPSGGSYNEQFF,3
CASSPSGGYNEQFF,3
CASSPSGSSYNEQFF,3
CASSPSRNTEAFF,3
CASSPSSYEQYF,3
CASSPSSYNEQFF,3
CASSPSYNEQFF,3
CASSPTANYGYTF,3
CASSPTDTQYF,3
CASSPTGAGNQPQHF,3
CASSPTGGRETQYF,3
CASSPTGMNTEAFF,3
CASSPTGNTGELFF,3
CASSQAGQETQYF,3
CASSQALNTEAFF,3
CASSQDGNTEAFF,3
CASSQDPYEQYF,3
CASSQDRVEAFF,3
CASSQDSYEQYF,3
CASSQEETQYF,3
CASSQGGETQYF,3
CASSQGGSGANVLTF,3
CASSQGGTEAFF,3
CASSQGISYEQYF,3
CASSQGMNTEAFF,3
CASSQGNEKLFF,3
CASSQGNSYEQYF,3
CASSQGQGGGYTF,3
CASSQGQGNYGYTF,3
CASSQGTGDTEAFF,3
CASSQGTGNYGYTF,3
CASSQQGSNQPQHF,3
CASSQSYEQYF,3
CASSQTYEQYF,3
CASSQVPDTQYF,3
CASSRADTQYF,3
CASSRDRGNQPQHF,3
CASSRDRSYEQYF,3
CASSRDSGANVLTF,3
CASSRDSLYEQYF,3
CASSRDSNYGYTF,3
CASSRDSYNEQFF,3
CASSRGETQYF,3
CASSRGGTEAFF,3
CASSRGNTEAFF,3
CASSRGQNTEAFF,3
CASSRGTEAFF,3
CASSRGYEQYF,3
CASSRLNTEAFF,3
CASSRNTGELFF,3
CASSRQGANYGYTF,3
CASSRQGSYNEQFF,3
CASSRSGTYNEQFF,3
CASSRSYEQYF,3
CASSRTGGNQPQHF,3
CASSRTSGDNEQFF,3
CASSRTSGDYNEQFF,3
CASSRTSGSYNEQFF,3
CASSRTSTDTQYF,3
CASSRTSYEQYF,3
CASSSDSYEQYF,3
CASSSGAGELFF,3
CASSSGEKLFF,3
CASSSGGTEAFF,3
CASSSGLAGGSEQFF,3
CASSSGQGYEQYF,3
CASSSGRNTEAFF,3
CASSSGTDYGYTF,3
CASSSGTGGYEQYF,3
CASSSGYEQYF,3
CASSSNYEQYF,3
CASSSQETQYF,3
CASSSQGYEQYF,3
CASSSRGNQPQHF,3
CASSSTGAGNQPQHF,3
CASSSTGANYGYTF,3
CASSSTGELFF,3
CASSSTGYEQYF,3
CASSSTNTEAFF,3
CASSSTSGGATDTQYF,3
CASSSTSGGSTDTQYF,3
CASSSVYNEQFF,3
CASSSYYEQYF,3
CASSTGDSNQPQHF,3
CASSTGGYGYTF,3
CASSTRDSNQPQHF,3
CASSTRGTGELFF,3
CASSTSYEQYF,3
CASSVARSTSTDTQYF,3
CASSVNTEAFF,3
CASSWDKSYGYTF,3
CASSWDKTYEQYF,3
CASSWGNEQFF,3
CASSWGPQETQYF,3
CASSWGTSGEQFF,3
CASSWNTGELFF,3
CASSWSYEQYF,3
CASSWTGGTEAFF,3
CASSWTGGYEQYF,3
CASSYGETQYF,3
CASSYGGSYEQYF,3
CASSYGGTEAFF,3
CASSYGNEQFF,3
CASSYGTSGYEQYF,3
CASSYGVNTEAFF,3
CASSYPTSGQETQYF,3
CASSYQETQYF,3
CASSYRDTDTQYF,3
CASSYRENTEAFF,3
CASSYRGETQYF,3
CASSYRGQPQHF,3
CASSYRGSGNQPQHF,3
CASSYRGTGELFF,3
CASSYRNTEAFF,3
CASSYSDTGELFF,3
CASSYSPYEQYF,3
CASSYTDTQYF,3
CASSYYNEQFF,3
CASTPLGDNYGYTF,3
CASTSTDTQYF,3
CASVGGQAYNEQFF,3
CATREVGANVLTF,3
CATSDPPPDTQYF,3
CATSDVGTYEQYF,3
CATSGGTSGETQYF,3
CATSRDRLYF,3
CAWSAGQDNSPLHF,3
CAWSGNTEAFF,3
CGSTFEAGHGGGPDGYVMGGF,3
CGSTFEAGHGGGPGGYVVGRF,3
CRDRFQYF,3
CSARDNTGELFF,3
CSARDRDTEAFF,3
CSAREGNTEAFF,3
CSARGLAEYNEQFF,3
CSARGSGDYEQYF,3
CSARGSYNEQFF,3
CSARKETQYF,3
CSARRGSTDTQYF,3
CSARRQNTEAFF,3
CSARVGVGNTIYF,3
CSASGTDYGYTF,3
CSASRGSGQETQYF,3
CSGEAFF,3
CSVEETQYF,3
CSVEGQGSYEQYF,3
CSVEVGDRGYEQYF,3
CSVGSGGTNEKLFF,3
CSVRQGNTEAFF,3
CVYF,3
CAISTGDSNQPQHF,4
CASGNTEAFF,4
CASRGSYEQYF,4
CASRVQGANYGYTF,4
CASSDTDTQYF,4
CASSEGSGNTIYF,4
CASSETLQGAGQPQHF,4
CASSFATGELFF,4
CASSFGQMNTEAFF,4
CASSFRDNYGYTF,4
CASSFTGNTEAFF,4
CASSGLAGDTGELFF,4
CASSGQGTDTQYF,4
CASSGRSTDTQYF,4
CASSGTSGSTDTQYF,4
CASSGTYEQYF,4
CASSIRSAYEQYF,4
CASSLAGGTYEQYF,4
CASSLARNTEAFF,4
CASSLASSYEQYF,4
CASSLAVNSYEQYF,4
CASSLDLNTEAFF,4
CASSLDLNYGYTF,4
CASSLDRAYEQYF,4
CASSLDSSNQPQHF,4
CASSLDSYGYTF,4
CASSLEEGSYEQYF,4
CASSLEETQYF,4
CASSLEGGETQYF,4
CASSLEGNQPQHF,4
CASSLEGNSPLHF,4
CASSLEGNTEAFF,4
CASSLGGEQYF,4
CASSLGGGSYNEQFF,4
CASSLGGGTEAFF,4
CASSLGGNSPLHF,4
CASSLGGSSYEQYF,4
CASSLGGSTDTQYF,4
CASSLGMNTEAFF,4
CASSLGNTEAFF,4
CASSLGPGELFF,4
CASSLGQGYNEQFF,4
CASSLGQLNTEAFF,4
CASSLGSGELFF,4
CASSLGSGTEAFF,4
CASSLGSSYNEQFF,4
CASSLGSYNEQFF,4
CASSLGVNEQFF,4
CASSLGYGYTF,4
CASSLLETQYF,4
CASSLLNQPQHF,4
CASSLNTEAFF,4
CASSLNTGELFF,4
CASSLPGQPQHF,4
CASSLQENTEAFF,4
CASSLQGANTEAFF,4
CASSLQGGTEAFF,4
CASSLQGNEQFF,4
CASSLRGEQYF,4
CASSLRGTEAFF,4
CASSLRSYEQYF,4
CASSLSAYEQYF,4
CASSLSGDTQYF,4
CASSLSGELFF,4
CASSLSGNTEAFF,4
CASSLSNTGELFF,4
CASSLSRPDTQYF,4
CASSLSSGTDTQYF,4
CASSLTENTEAFF,4
CASSLTNEQFF,4
CASSLTNTGELFF,4
CASSLTSGGTDTQYF,4
CASSLTSGGYNEQFF,4
CASSLVETQYF,4
CASSLVGGTEAFF,4
CASSLVGGTQYF,4
CASSLVGTEAFF,4
CASSLVSGELFF,4
CASSLVSNQPQHF,4
CASSLVTGELFF,4
CASSLYYEQYF,4
CASSPGGNTIYF,4
CASSPGYGYTF,4
CASSPPEGETQYF,4
CASSPPSTDTQYF,4
CASSPQGSEQFF,4
CASSPQGYNEQFF,4
CASSPRTSTDTQYF,4
CASSPWDFHSGNTIYF,4
CASSQGGYEQYF,4
CASSQGPNYEQYF,4
CASSQSPGGTQYF,4
CASSRDSSYEQYF,4
CASSRLAGGTDTQYF,4
CASSRQGNTEAFF,4
CASSSGANVLTF,4
CASSSGANYGYTF,4
CASSSGDTQYF,4
CASSSGGNTEAFF,4
CASSSGQGNQPQHF,4
CASSSGQGNTEAFF,4
CASSSTGNTEAFF,4
CASSTGNTEAFF,4
CASSVGGGTDTQYF,4
CASSVGGNEQFF,4
CASSVGGNTEAFF,4
CASSVGYNEQFF,4
CASSVRSSYEQYF,4
CASSYSGNTEAFF,4
CATGTGDSNQPQHF,4
CATSDLGAGEGNEQFF,4
CATSDLSINQPQHF,4
CAWSPNTEAFF,4
CGVALPKLYSHF,4
CSARAGDTEAFF,4
CSARDGTGNGYTF,4
CSARDRTGNGYTF,4
CSVEEGDRGYEQYF,4
CASSDSSGSTDTQYF,5
CASSFLAGTDTQYF,5
CASSFSGTEAFF,5
CASSFTDTQYF,5
CASSFVSGTDTQYF,5
CASSIGTDTQYF,5
CASSLADTQYF,5
CASSLAGEETQYF,5
CASSLAGGETQYF,5
CASSLAGGTDTQYF,5
CASSLDSYEQYF,5
CASSLDSYNEQFF,5
CASSLEGETQYF,5
CASSLGDTQYF,5
CASSLGGEQFF,5
CASSLGGETQYF,5
CASSLGGLNTEAFF,5
CASSLGGRETQYF,5
CASSLGGYEQYF,5
CASSLGGYGYTF,5
CASSLGLEAFF,5
CASSLGNEQFF,5
CASSLGPYEQYF,5
CASSLGQGAYNEQFF,5
CASSLGQGDQPQHF,5
CASSLGQGNSPLHF,5
CASSLGQNTGELFF,5
CASSLGQNYGYTF,5
CASSLGQYNEQFF,5
CASSLGRETQYF,5
CASSLGSNEQFF,5
CASSLLGGDLYEQYF,5
CASSLSETQYF,5
CASSLSYEQYF,5
CASSLSYNEQFF,5
CASSLTGGNEQFF,5
CASSPGANEQFF,5
CASSPGLAYNEQFF,5
CASSPGQGAYEQYF,5
CASSPGQGNTEAFF,5
CASSPGQGYEQYF,5
CASSPQRNTEAFF,5
CASSPSVSYEQYF,5
CASSQAGEETQYF,5
CASSQERGGQETQYF,5
CASSQGYEQYF,5
CASSRQETQYF,5
CASSRSTDTQYF,5
CASSRTDTQYF,5
CASSSANYGYTF,5
CASSSAYEQYF,5
CASSSGETQYF,5
CASSSGGNTGELFF,5
CASSSGPNYEQYF,5
CASSSGQAYEQYF,5
CASSSSSYEQYF,5
CASSSTDTQYF,5
CASSSTYEQYF,5
CASSTRTDTQYF,5
CASSVGQGTYEQYF,5
CATSTGDSNQPQHF,5
CVNTEAFF,5
CASSDSYEQYF,6
CASSFGDTQYF,6
CASSLAGGNQPQHF,6
CASSLAYEQYF,6
CASSLDMNTEAFF,6
CASSLDQETQYF,6
CASSLGDTEAFF,6
CASSLGENTEAFF,6
CASSLGGTDTQYF,6
CASSLGLNTEAFF,6
CASSLGNQPQHF,6
CASSLGSTDTQYF,6
CASSLGSYEQYF,6
CASSLGTDTQYF,6
CASSLGTGELFF,6
CASSLGVNTEAFF,6
CASSLNNEQFF,6
CASSLQGNTEAFF,6
CASSLRLAGGPTDTQYF,6
CASSLTGGTEAFF,6
CASSLTGNTEAFF,6
CASSLWGNTEAFF,6
CASSLYNEQFF,6
CASSLYSNQPQHF,6
CASSPGTAYEQYF,6
CASSPGTDTQYF,6
CASSPPGTDTQYF,6
CASSPRGSYEQYF,6
CASSPSTDTQYF,6
CASSPSYEQYF,6
CASSPTGGNQPQHF,6
CASSQDRGQPQHF,6
CASSQQETQYF,6
CASSSSTDTQYF,6
CASSWDKSYEQYF,6
CASSYGTSTDTQYF,6
CASSYSYEQYF,6
CGSTFEAGHGGGPDGYVVGRF,6
CASSFQETQYF,7
CASSLASYEQYF,7
CASSLDRNTEAFF,7
CASSLGGTEAFF,7
CASSLGPNTEAFF,7
CASSLQGANYEQYF,7
CASSLRETQYF,7
CEYF,7
CASSFSYEQYF,8
CASSLGGNTEAFF,8
CASSLGYNEQFF,8
CASSLQETQYF,8
CASSLRGNEQFF,9
CASSLSTDTQYF,10
CASSLTDTQYF,10
CASSLGGNEQFF,11
CASSLGQAYEQYF,12
CASSEDGMNTEAFF,13
CAYF,13
CASSLGYEQYF,14
CASSSSYEQYF,14
CASSIRSSYEQYF,15
CGSTFEAGHGGGPDGYVMGRF,15
CSVGTGGTNEKLFF,21
CASSLGETQYF,25
CCQPSLHLGPKGKLFF,36
CEARNVF,51
CVIKYF,67
