CAADKKLF,2
CAAPKKLF,2
CAAPPPYYKKLF,2
CAASLYYKKLF,2
CAAWAHYYKKLF,2
CAAWANKKLF,2
CAAWANYYKKLF,2
CAAWAQNYYKKLF,2
CAAWDAYYKKLF,2
CAAWDCKKLF,2
CAAWDDYKKLF,2
CAAWDEKLF,2
CAAWDFGKLF,2
CAAWDFGYKKLF,2
CAAWDFYKKLF,2
CAAWDGWFKIF,2
CAAWDGYKKLF,2
CAAWDHKKLF,2
CAAWDHTTGWFKIF,2
CAAWDHYKKLF,2
CAAWDIYYKKLF,2
CAAWDLGKKLF,2
CAAWDLIYYKKLF,2
CAAWDLRYKKLF,2
CAAWDNYKKLF,2
CAAWDPNYYKKLF,2
CAAWDRGKLF,2
CAAWDRRKLF,2
CAAWDRSYYKKLF,2
CAAWDRYYYKKLF,2
CAAWDSDYKKLF,2
CAAWDSDYYKKLF,2
CAAWDSEKLF,2
CAAWDSGYKKLF,2
CAAWDSHYYKKLF,2
CAAWDSNKKLF,2
CAAWDSPYYKKLF,2
CAAWDSTTGWFKIF,2
CAAWDTAGWFKIF,2
CAAWDWATGWFKIF,2
CAAWDWFKIF,2
CAAWDWNSSDWIKTF,2
CAAWDWYYKKLF,2
CAAWDYEKLF,2
CAAWDYFYYKKLF,2
CAAWDYGKLF,2
CAAWDYGTGWFKIF,2
CAAWDYGYKKLF,2
CAAWDYLNYYKKLF,2
CAAWDYRDYKKLF,2
CAAWDYSSDWIKTF,2
CAAWDYSTGWFKIF,2
CAAWDYSYYKKLF,2
CAAWDYTYYKKLF,2
CAAWEFYKKLF,2
CAAWEGYKKLF,2
CAAWEPYYYKKLF,2
CAAWGDKKLF,2
CAAWGGKLF,2
CAAWGLKKLF,2
CAAWGLYYKKLF,2
CAAWGPYYKKLF,2
CAAWGTTGWFKIF,2
CAAWIYKKLF,2
CAAWNYYKKLF,2
CAAWPCYYKKLF,2
CAAWTTGWFKIF,2
CAAWVGYKKLF,2
CAAWVHYKKLF,2
CAAWVLNYYKKLF,2
CAAWVNTTGWFKIF,2
CAAWVQNYYKKLF,2
CAAWVYYKKLF,2
CAAWYKKLF,2
CAAYKKLF,2
CAAYTGWFKIF,2
CADWIKTF,2
CALSYYKKLF,2
CALWDEQELGKKIKVF,2
CALWDLNYYKKLF,2
CALWEANYYKKLF,2
CALWEASELGKKIKVF,2
CALWEEQELGKKIKVF,2
CALWEGDYYKKLF,2
CALWEGKELGKKIKVF,2
CALWEGKKLF,2
CALWEGNKKLF,2
CALWEGNYYKKLF,2
CALWELNYYKKLF,2
CALWELRELGKKIKVF,2
CALWEQELGKKIKVF,2
CALWERQELGKKIKVF,2
CALWESKELGKKIKVF,2
CALWEVAELGKKIKVF,2
CALWEVAYYKKLF,2
CALWEVDIRYYKKLF,2
CALWEVDYKKLF,2
CALWEVFELGKKIKVF,2
CALWEVHQWKLF,2
CALWEVHRELGKKIKVF,2
CALWEVIYYKKLF,2
CALWEVKYYKKLF,2
CALWEVLDYKKLF,2
CALWEVLEKLF,2
CALWEVLGELGKKIKVF,2
CALWEVPDYKKLF,2
CALWEVPGELGKKIKVF,2
CALWEVPKKLF,2
CALWEVQDYKKLF,2
CALWEVQEELGKKIKVF,2
CALWEVQGELGKKIKVF,2
CALWEVQGYKKLF,2
CALWEVQNYYKKLF,2
CALWEVQRQELGKKIKVF,2
CALWEVVQELGKKIKVF,2
CALWGGYKKLF,2
CALWGQELGKKIKVF,2
CASYYKKLF,2
CATCLF,2
CATCYKKLF,2
CATCYYKKLF,2
CATDYYKKLF,2
CATNYYKKLF,2
CATPPKKLF,2
CATPRKLF,2
CATSYYKKLF,2
CATWADYYKKLF,2
CATWALRYYKKLF,2
CATWAPNYYKKLF,2
CATWASNYYKKLF,2
CATWAYYKKLF,2
CATWDADKKLF,2
CATWDADYKKLF,2
CATWDAHKKLF,2
CATWDCYKKLF,2
CATWDDYKKLF,2
CATWDEDYKKLF,2
CATWDEEKLF,2
CATWDEGKLF,2
CATWDEHYYKKLF,2
CATWDFSDWIKTF,2
CATWDFYYKKLF,2
CATWDGAKLF,2
CATWDGANYYKKLF,2
CATWDGAYYKKLF,2
CATWDGDKKLF,2
CATWDGDSSDWIKTF,2
CATWDGDWIKTF,2
CATWDGDYKKLF,2
CATWDGELF,2
CATWDGFYYYKKLF,2
CATWDGGDWIKTF,2
CATWDGGYKKLF,2
CATWDGKYYKKLF,2
CATWDGLDYYKKLF,2
CATWDGLEKLF,2
CATWDGLF,2
CATWDGLFYYKKLF,2
CATWDGLGSDWIKTF,2
CATWDGLGYKKLF,2
CATWDGLRNYYKKLF,2
CATWDGLTGWFKIF,2
CATWDGLWYKKLF,2
CATWDGLYSSDWIKTF,2
CATWDGMNYYKKLF,2
CATWDGNKKLF,2
CATWDGNLYYKKLF,2
CATWDGPAYKKLF,2
CATWDGPEKLF,2
CATWDGPEYKKLF,2
CATWDGPGKKLF,2
CATWDGPGSDWIKTF,2
CATWDGPHYKKLF,2
CATWDGPHYYKKLF,2
CATWDGPIYYKKLF,2
CATWDGPLGYKKLF,2
CATWDGPLNYYKKLF,2
CATWDGPLYKKLF,2
CATWDGPLYYKKLF,2
CATWDGPQYKKLF,2
CATWDGPRKLF,2
CATWDGPRRSNYYKKLF,2
CATWDGPSDWIKTF,2
CATWDGPTGWFKIF,2
CATWDGPYYYKKLF,2
CATWDGQDYYKKLF,2
CATWDGREKKLF,2
CATWDGREWIKTF,2
CATWDGRGDWIKTF,2
CATWDGRGFYYKKLF,2
CATWDGRGKKLF,2
CATWDGRHYKKLF,2
CATWDGRIYYKKLF,2
CATWDGRNKKLF,2
CATWDGRQKLF,2
CATWDGRSDWIKTF,2
CATWDGSYKKLF,2
CATWDGYSSDWIKTF,2
CATWDGYYYKKLF,2
CATWDIPDYYKKLF,2
CATWDKGYKKLF,2
CATWDKNYYKKLF,2
CATWDKRRSDWIKTF,2
CATWDLNYKKLF,2
CATWDLPYKKLF,2
CATWDLRYYKKLF,2
CATWDLYYKKLF,2
CATWDNKKLF,2
CATWDNNSSDWIKTF,2
CATWDPKLF,2
CATWDPYKKLF,2
CATWDRANKKLF,2
CATWDRGSDWIKTF,2
CATWDRLRYKKLF,2
CATWDRLYKKLF,2
CATWDRMPWIKTF,2
CATWDRPANYYKKLF,2
CATWDRPDYYKKLF,2
CATWDRPEKLF,2
CATWDRPFYYKKLF,2
CATWDRPHKKLF,2
CATWDRPNYKKLF,2
CATWDRPRKKLF,2
CATWDRPSDWIKTF,2
CATWDRPSYKKLF,2
CATWDRPWYKKLF,2
CATWDRQDYKKLF,2
CATWDRQGKLF,2
CATWDRQYYKKLF,2
CATWDRRAYKKLF,2
CATWDRRGNYYKKLF,2
CATWDRRKKLF,2
CATWDRRKLF,2
CATWDRRNYKKLF,2
CATWDRRNYYKKLF,2
CATWDRRRELF,2
CATWDRRRYKKLF,2
CATWDRSNYYKKLF,2
CATWDRSSSDWIKTF,2
CATWDRTNYYKKLF,2
CATWDRTTGWFKIF,2
CATWDRTYKKLF,2
CATWDRYYYKKLF,2
CATWDSDYYKKLF,2
CATWDSFYYKKLF,2
CATWDSHYYKKLF,2
CATWDSLYKKLF,2
CATWDSMCRDWIKTF,2
CATWDSPNYYKKLF,2
CATWDTGWFKIF,2
CATWDTSDWIKTF,2
CATWDTYKKLF,2
CATWDVGKLF,2
CATWDVHYKKLF,2
CATWEDYYKKLF,2
CATWEGYYKKLF,2
CATWEPYYKKLF,2
CATWERNYYKKLF,2
CATWERSDWIKTF,2
CATWESKKLF,2
CATWESNYYKKLF,2
CATWGHYKKLF,2
CATWGLYYKKLF,2
CATWGRNYYKKLF,2
CATWKNYYKKLF,2
CATWMNYYKKLF,2
CATWQELGKKIKVF,2
CATWSYYKKLF,2
CATWTSSDWIKTF,2
CATWVGYKKLF,2
CATWVHYYKKLF,2
CATWVLYYKKLF,2
CATWVRNYYKKLF,2
CATWVYSSDWIKTF,2
CAAWALNYYKKLF,3
CAAWAPYYKKLF,3
CAAWAYKKLF,3
CAAWDCYYKKLF,3
CAAWDLDYKKLF,3
CAAWDPGWFKIF,3
CAAWDQNYYKKLF,3
CAAWDRYYKKLF,3
CAAWDSPGWFKIF,3
CAAWDSSYYKKLF,3
CAAWDSTGWFKIF,3
CAAWDSYYKKLF,3
CAAWDYNYKKLF,3
CAAWDYREKLF,3
CAAWDYRYKKLF,3
CAAWDYRYYKKLF,3
CAAWEYTTGWFKIF,3
CAAWGLNYYKKLF,3
CAAWGSYYKKLF,3
CAAWGTYYKKLF,3
CAAWHYYKKLF,3
CALWEARELGKKIKVF,3
CALWEGRYKKLF,3
CALWESQELGKKIKVF,3
CALWEVGLGKKIKVF,3
CALWEVLQELGKKIKVF,3
CALWEVNKKLF,3
CALWEVPELGKKIKVF,3
CALWEVPNYYKKLF,3
CALWEVQDYYKKLF,3
CALWEVQGYYKKLF,3
CALWEVRKKLF,3
CALWEVSNYYKKLF,3
CATSKKLF,3
CATWARNYYKKLF,3
CATWDAKKLF,3
CATWDANYYKKLF,3
CATWDESNYYKKLF,3
CATWDGGYYKKLF,3
CATWDGIYKKLF,3
CATWDGIYYKKLF,3
CATWDGLGYYKKLF,3
CATWDGLKKLF,3
CATWDGLRYKKLF,3
CATWDGPDYKKLF,3
CATWDGPDYYKKLF,3
CATWDGQEKLF,3
CATWDGRGKLF,3
CATWDGRNYKKLF,3
CATWDGRNYYKKLF,3
CATWDGSNYYKKLF,3
CATWDGTGWFKIF,3
CATWDGTNYYKKLF,3
CATWDGTYYKKLF,3
CATWDGVYKKLF,3
CATWDIYKKLF,3
CATWDKYKKLF,3
CATWDLGYKKLF,3
CATWDNYYKKLF,3
CATWDPIYYKKLF,3
CATWDQKLF,3
CATWDRDYYKKLF,3
CATWDRGNYYKKLF,3
CATWDRGYYKKLF,3
CATWDRHKKLF,3
CATWDRKKLF,3
CATWDRLYYKKLF,3
CATWDRPAYKKLF,3
CATWDRPAYYKKLF,3
CATWDRPDYKKLF,3
CATWDRPGYYKKLF,3
CATWDRPHYYKKLF,3
CATWDRPPNYYKKLF,3
CATWDRPRYKKLF,3
CATWDRYKKLF,3
CATWDSYKKLF,3
CATWDSYYYKKLF,3
CATWDVNYYKKLF,3
CATWDYYYKKLF,3
CATWEANYYKKLF,3
CATWEGYKKLF,3
CATWEKKLF,3
CATWNYYKKLF,3
CATWYYKKLF,3
CAAWAYYKKLF,4
CAAWDKKLF,4
CAAWDLNYYKKLF,4
CAAWDNKKLF,4
CAAWDNYYKKLF,4
CAAWDPYYKKLF,4
CAAWDRNYYKKLF,4
CAAWDSKKLF,4
CAAWDSNYYKKLF,4
CALWEAYKKLF,4
CALWEGQELGKKIKVF,4
CALWEGYYKKLF,4
CALWEKQELGKKIKVF,4
CALWENYYKKLF,4
CALWEPLYYKKLF,4
CALWEVGYKKLF,4
CALWEVHYYKKLF,4
CALWEVRGELGKKIKVF,4
CATWDENYYKKLF,4
CATWDGDYYKKLF,4
CATWDGKLF,4
CATWDGPGWFKIF,4
CATWDGPKKLF,4
CATWDGPRYKKLF,4
CATWDGRDYKKLF,4
CATWDGSSDWIKTF,4
CATWDGVYYKKLF,4
CATWDIYYKKLF,4
CATWDPNYYKKLF,4
CATWDPPYYKKLF,4
CATWDRDKKLF,4
CATWDRGYKKLF,4
CATWDRHYKKLF,4
CATWDRLGYKKLF,4
CATWDRPGYKKLF,4
CATWDRRDYKKLF,4
CATWDRRGSDWIKTF,4
CATWDRRGYKKLF,4
CATWDRRYYKKLF,4
CATWDWIKTF,4
CATWERYKKLF,4
CATWVRYYKKLF,4
CATWVSSDWIKTF,4
CATYYKKLF,4
CAAWDFYYKKLF,5
CAAWDSYKKLF,5
CALWEAYYKKLF,5
CALWEDQELGKKIKVF,5
CALWEIQELGKKIKVF,5
CALWETQELGKKIKVF,5
CALWEVELGKKIKVF,5
CALWEVLYYKKLF,5
CALWEVPYYKKLF,5
CATWDGFYYKKLF,5
CATWDGHYKKLF,5
CATWDGHYYKKLF,5
CATWDGLNYYKKLF,5
CATWDGPGYYKKLF,5
CATWDGSDWIKTF,5
CATWDGYKKLF,5
CATWDLNYYKKLF,5
CATWDPYYKKLF,5
CATWDRPHYKKLF,5
CATWDRPNYYKKLF,5
CATWDVYYKKLF,5
CATWVYYKKLF,5
CAAWDRKKLF,6
CAAWENYYKKLF,6
CAAWGYYKKLF,6
CALWEDYYKKLF,6
CALWEEELGKKIKVF,6
CALWELQELGKKIKVF,6
CALWEPQELGKKIKVF,6
CALWEVEELGKKIKVF,6
CALWEVHYKKLF,6
CALWEVNYYKKLF,6
CATWDDYYKKLF,6
CATWDGLYKKLF,6
CATWDGRKKLF,6
CATWDGRYKKLF,6
CATWDRHYYKKLF,6
CATWDRRYKKLF,6
CATWENYYKKLF,6
CAAWDYTTGWFKIF,7
CAAWGNYYKKLF,7
CALWEVRYKKLF,7
CALWEVYYKKLF,7
CATWDGPGYKKLF,7
CATWDGPNYYKKLF,7
CATWDTTGWFKIF,7
CATWGNYYKKLF,7
CATWGYYKKLF,7
CAAWDLYYKKLF,8
CALWEAQELGKKIKVF,8
CALWEVKELGKKIKVF,8
CATWDRPYYKKLF,8
CATWDRYYKKLF,8
CATWDSSDWIKTF,8
CALWEVLELGKKIKVF,9
CATWDGSYYKKLF,9
CATWDGKKLF,10
CATWDGLYYKKLF,10
CATWDGPYYKKLF,10
CALWEVGELGKKIKVF,11
CATWDGPYKKLF,11
CAAWDYYYKKLF,12
CATWDYKKLF,13
CATWDGNYYKKLF,14
CATWDGRYYKKLF,14
CATWDKKLF,14
CATWDRNYYKKLF,14
CATWDYYKKLF,16
CAAWDTTGWFKIF,17
CATWDGYYKKLF,17
CAAWDYKKLF,26
CALWEVQELGKKIKVF,26
CALWEVRELGKKIKVF,26
CAAWDYYKKLF,44
